-- MySQL dump 10.13  Distrib 5.7.23, for Win32 (AMD64)
--
-- Host: localhost    Database: cona_dbase18
-- ------------------------------------------------------
-- Server version	5.7.23-log

/*!40101 SET @OLD_CHARACTER_SET_CLIENT=@@CHARACTER_SET_CLIENT */;
/*!40101 SET @OLD_CHARACTER_SET_RESULTS=@@CHARACTER_SET_RESULTS */;
/*!40101 SET @OLD_COLLATION_CONNECTION=@@COLLATION_CONNECTION */;
/*!40101 SET NAMES utf8 */;
/*!40103 SET @OLD_TIME_ZONE=@@TIME_ZONE */;
/*!40103 SET TIME_ZONE='+00:00' */;
/*!40014 SET @OLD_UNIQUE_CHECKS=@@UNIQUE_CHECKS, UNIQUE_CHECKS=0 */;
/*!40014 SET @OLD_FOREIGN_KEY_CHECKS=@@FOREIGN_KEY_CHECKS, FOREIGN_KEY_CHECKS=0 */;
/*!40101 SET @OLD_SQL_MODE=@@SQL_MODE, SQL_MODE='NO_AUTO_VALUE_ON_ZERO' */;
/*!40111 SET @OLD_SQL_NOTES=@@SQL_NOTES, SQL_NOTES=0 */;

--
-- Table structure for table `candidates`
--

DROP TABLE IF EXISTS `candidates`;
/*!40101 SET @saved_cs_client     = @@character_set_client */;
/*!40101 SET character_set_client = utf8 */;
CREATE TABLE `candidates` (
  `id` int(10) unsigned NOT NULL AUTO_INCREMENT,
  `firstname` varchar(191) COLLATE utf8mb4_unicode_ci NOT NULL,
  `middlename` varchar(191) COLLATE utf8mb4_unicode_ci DEFAULT NULL,
  `lastname` varchar(191) COLLATE utf8mb4_unicode_ci NOT NULL,
  `birthdate` date NOT NULL,
  `address` varchar(255) COLLATE utf8mb4_unicode_ci NOT NULL,
  `email` varchar(191) COLLATE utf8mb4_unicode_ci NOT NULL,
  `landline` varchar(15) COLLATE utf8mb4_unicode_ci DEFAULT NULL,
  `mobile` varchar(15) COLLATE utf8mb4_unicode_ci DEFAULT NULL,
  `candidate_for` varchar(191) COLLATE utf8mb4_unicode_ci NOT NULL,
  `incumbent` varchar(191) COLLATE utf8mb4_unicode_ci DEFAULT NULL,
  `sma` text COLLATE utf8mb4_unicode_ci,
  `province_id` varchar(50) COLLATE utf8mb4_unicode_ci DEFAULT NULL,
  `district_id` varchar(50) COLLATE utf8mb4_unicode_ci DEFAULT NULL,
  `city_id` varchar(50) COLLATE utf8mb4_unicode_ci DEFAULT NULL,
  `signed_by_lp` varchar(191) COLLATE utf8mb4_unicode_ci DEFAULT NULL,
  `cos_id` varchar(50) COLLATE utf8mb4_unicode_ci NOT NULL,
  `created_at` timestamp NULL DEFAULT NULL,
  `updated_at` timestamp NULL DEFAULT NULL,
  PRIMARY KEY (`id`),
  UNIQUE KEY `candidates_email_unique` (`email`)
) ENGINE=InnoDB AUTO_INCREMENT=20 DEFAULT CHARSET=utf8mb4 COLLATE=utf8mb4_unicode_ci;
/*!40101 SET character_set_client = @saved_cs_client */;

--
-- Dumping data for table `candidates`
--

LOCK TABLES `candidates` WRITE;
/*!40000 ALTER TABLE `candidates` DISABLE KEYS */;
INSERT INTO `candidates` VALUES (16,'Rey','Jonas','Curimatmat','1916-02-01','40-60 Rainbow drive, Goodwill, Sucat','reyjonas.curimatmat@bcdpinpoint.com','09433390649','9433390649','City Mayor',NULL,'{\"facebook\":null,\"twitter\":null,\"instagram\":\"Rey Jonas Curimatmat\",\"website\":null}','1374-03',NULL,NULL,'1','1537510703','2018-09-20 22:18:23','2018-09-20 22:18:23'),(17,'Primeline','Jonas','Subscriber','1918-05-02','134 Dr. Alejos Street','sales@primelinegifts.ph','027325547','9433390649','City Vice Mayor',NULL,'{\"facebook\":null,\"twitter\":null,\"instagram\":\"Primeline Subscriber\",\"website\":null}','1374-03',NULL,NULL,'2','1537510758','2018-09-20 22:19:18','2018-09-20 22:19:18'),(18,'Rey Jonas','Jonas','Subscriber','1918-02-01','134 Dr. Alejos Street','rjhonnas@gmail.com','027325547','9433390649','City Councilor',NULL,'{\"facebook\":null,\"twitter\":null,\"instagram\":\"Primeline Subscriber\",\"website\":null}','1374-03','District 2',NULL,NULL,'1537510837','2018-09-20 22:20:37','2018-09-20 22:20:37'),(19,'Crist','P','Lopez','1918-03-03','134 Dr. Alejos Street','crist.lopez@bcdpinpoint.com','027325547','9433390649','City Councilor',NULL,'{\"facebook\":null,\"twitter\":null,\"instagram\":null,\"website\":null}','1374-03','District 1',NULL,'1','1537755165','2018-09-23 18:12:45','2018-09-23 18:12:45');
/*!40000 ALTER TABLE `candidates` ENABLE KEYS */;
UNLOCK TABLES;

--
-- Table structure for table `chief_of_staff`
--

DROP TABLE IF EXISTS `chief_of_staff`;
/*!40101 SET @saved_cs_client     = @@character_set_client */;
/*!40101 SET character_set_client = utf8 */;
CREATE TABLE `chief_of_staff` (
  `id` int(11) NOT NULL AUTO_INCREMENT,
  `cos_id` varchar(100) NOT NULL,
  `name` varchar(150) DEFAULT NULL,
  `relationship` varchar(150) DEFAULT NULL,
  `position` varchar(150) DEFAULT NULL,
  `address` varchar(255) DEFAULT NULL,
  `contact` varchar(15) DEFAULT NULL,
  `email` varchar(150) DEFAULT NULL,
  PRIMARY KEY (`id`)
) ENGINE=InnoDB AUTO_INCREMENT=25 DEFAULT CHARSET=utf8mb4;
/*!40101 SET character_set_client = @saved_cs_client */;

--
-- Dumping data for table `chief_of_staff`
--

LOCK TABLES `chief_of_staff` WRITE;
/*!40000 ALTER TABLE `chief_of_staff` DISABLE KEYS */;
INSERT INTO `chief_of_staff` VALUES (13,'1537268263',NULL,NULL,NULL,NULL,NULL,NULL),(14,'1537341784',NULL,NULL,NULL,NULL,NULL,NULL),(15,'1537439971',NULL,NULL,NULL,NULL,NULL,NULL),(16,'1537440985',NULL,NULL,NULL,NULL,NULL,NULL),(17,'1537442462',NULL,NULL,NULL,NULL,NULL,NULL),(18,'1537442519',NULL,NULL,NULL,NULL,NULL,NULL),(19,'1537442609',NULL,NULL,NULL,NULL,NULL,NULL),(20,'1537442666',NULL,NULL,NULL,NULL,NULL,NULL),(21,'1537510703',NULL,NULL,NULL,NULL,NULL,NULL),(22,'1537510758',NULL,NULL,NULL,NULL,NULL,NULL),(23,'1537510837',NULL,NULL,NULL,NULL,NULL,NULL),(24,'1537755165',NULL,NULL,NULL,NULL,NULL,NULL);
/*!40000 ALTER TABLE `chief_of_staff` ENABLE KEYS */;
UNLOCK TABLES;

--
-- Table structure for table `city`
--

DROP TABLE IF EXISTS `city`;
/*!40101 SET @saved_cs_client     = @@character_set_client */;
/*!40101 SET character_set_client = utf8 */;
CREATE TABLE `city` (
  `id` int(11) NOT NULL AUTO_INCREMENT,
  `region` varchar(20) DEFAULT NULL,
  `province_code` varchar(20) DEFAULT NULL,
  `city` varchar(150) DEFAULT NULL,
  `lec` varchar(150) DEFAULT NULL,
  PRIMARY KEY (`id`)
) ENGINE=InnoDB AUTO_INCREMENT=129 DEFAULT CHARSET=utf8mb4;
/*!40101 SET character_set_client = @saved_cs_client */;

--
-- Dumping data for table `city`
--

LOCK TABLES `city` WRITE;
/*!40000 ALTER TABLE `city` DISABLE KEYS */;
INSERT INTO `city` VALUES (1,'CAR','1432','TABUK CITY',NULL),(2,'I','0128','LAOAG CITY',NULL),(3,'I','0128','BATAC CITY',NULL),(4,'I','0129','VIGAN CITY',NULL),(5,'I','0129','CANDON CITY',NULL),(6,'I','0133','SAN FERNANDO CITY',NULL),(7,'I','0155','ALAMINOS CITY',NULL),(8,'I','0155','SAN CARLOS CITY',NULL),(9,'I','0155','DAGUPAN CITY','2018004'),(10,'I','0155','URDANETA CITY',NULL),(11,'II','0215','TUGUEGARAO CITY','2018007'),(12,'II','0231','SANTIAGO CITY',NULL),(13,'II','0231','CAUAYAN CITY',NULL),(14,'III','0308','BALANGA CITY',NULL),(15,'III','0314','MALOLOS CITY',NULL),(16,'III','0314','MEYCAUAYAN CITY',NULL),(17,'III','0314','SAN JOSE DEL MONTE CITY',NULL),(18,'III','0349','SCIENCE CITY OF MU?OZ',NULL),(19,'III','0349','SAN JOSE CITY','2018009'),(20,'III','0349','CABANATUAN CITY',NULL),(21,'III','0349','PALAYAN CITY',NULL),(22,'III','0349','GAPAN CITY',NULL),(23,'III','0354','MABALACAT CITY',NULL),(24,'III','0354','SAN FERNANDO CITY','2018010'),(25,'III','0369','TARLAC CITY',NULL),(26,'IV-A','0410','TANAUAN CITY',NULL),(27,'IV-A','0410','BATANGAS CITY',NULL),(28,'IV-A','0410','LIPA CITY',NULL),(29,'IV-A','0421','CAVITE CITY',NULL),(30,'IV-A','0421','BACOOR CITY',NULL),(31,'IV-A','0421','IMUS CITY',NULL),(32,'IV-A','0421','DASMARIÑAS CITY',NULL),(33,'IV-A','0421','TRECE MARTIRES CITY',NULL),(34,'IV-A','0421','GENERAL TRIAS CITY',NULL),(35,'IV-A','0421','TAGAYTAY CITY',NULL),(36,'IV-A','0434','STA. ROSA CITY',NULL),(37,'IV-A','0434','BIÑAN CITY',NULL),(38,'IV-A','0434','CALAMBA CITY',NULL),(39,'IV-A','0434','CABUYAO CITY',NULL),(40,'IV-A','0434','SAN PABLO CITY',NULL),(41,'IV-A','0456','TAYABAS CITY',NULL),(42,'IV-B','1752','CALAPAN CITY',NULL),(43,'V','0505','TABACO CITY','2018026'),(44,'V','0505','LEGAZPI CITY',NULL),(45,'V','0505','LIGAO CITY',NULL),(46,'V','0517','NAGA CITY',NULL),(47,'V','0517','IRIGA CITY',NULL),(48,'V','0541','MASBATE CITY',NULL),(49,'V','0562','SORSOGON CITY',NULL),(50,'VI','0619','ROXAS CITY',NULL),(51,'VI','0630','PASSI CITY',NULL),(52,'XVIII','0645','ESCALANTE CITY',NULL),(53,'XVIII','0645','SAN CARLOS CITY',NULL),(54,'XVIII','0645','CADIZ CITY',NULL),(55,'XVIII','0645','SAGAY CITY',NULL),(56,'XVIII','0645','SILAY CITY',NULL),(57,'XVIII','0645','TALISAY CITY',NULL),(58,'XVIII','0645','VICTORIAS CITY',NULL),(59,'XVIII','0645','BAGO CITY',NULL),(60,'XVIII','0645','LA CARLOTA CITY',NULL),(61,'XVIII','0645','HIMAMAYLAN CITY',NULL),(62,'XVIII','0645','KABANKALAN CITY',NULL),(63,'XVIII','0645','SIPALAY CITY',NULL),(64,'XVIII','0746','KABANKALAN CITY',NULL),(65,'XVIII','0746','SIPALAY CITY',NULL),(66,'XVIII','0746','CANLAON CITY',NULL),(67,'XVIII','0746','GUIHULNGAN CITY',NULL),(68,'XVIII','0746','BAIS CITY',NULL),(69,'XVIII','0746','DUMAGUETE CITY',NULL),(70,'XVIII','0746','TANJAY CITY',NULL),(71,'XVIII','0746','BAYAWAN CITY',NULL),(72,'VII','0712','TAGBILARAN CITY',NULL),(73,'VII','0722','CARCAR CITY',NULL),(74,'VII','0722','NAGA CITY',NULL),(75,'VII','0722','TALISAY CITY',NULL),(76,'VII','0722','TOLEDO CITY',NULL),(77,'VII','0722','BOGO CITY',NULL),(78,'VII','0722','DANAO CITY',NULL),(79,'VIII','0826','BORONGAN CITY',NULL),(80,'VIII','0837','ORMOC CITY',NULL),(81,'VIII','0837','BAYBAY CITY',NULL),(82,'VIII','0860','CALBAYOG CITY',NULL),(83,'VIII','0860','CATBALOGAN CITY',NULL),(84,'VIII','0864','MAASIN CITY',NULL),(85,'IX','0972','DAPITAN CITY',NULL),(86,'IX','0972','DIPOLOG CITY',NULL),(87,'IX','0973','PAGADIAN CITY','2018040'),(88,'X','1013','MALAYBALAY CITY',NULL),(89,'X','1013','VALENCIA CITY',NULL),(90,'X','1042','OROQUIETA CITY',NULL),(91,'X','1042','OZAMIS CITY',NULL),(92,'X','1042','TANGUB CITY',NULL),(93,'X','1043','GINGOOG CITY',NULL),(94,'X','1043','EL SALVADOR CITY',NULL),(95,'XI','1123','TAGUM CITY',NULL),(96,'XI','1123','PANABO CITY',NULL),(97,'XI','1123','ISLAND GARDEN CITY OF SAMAL',NULL),(98,'XI','1124','DIGOS CITY',NULL),(99,'XI','1125','MATI CITY',NULL),(100,'XII','1247','KIDAPAWAN CITY',NULL),(101,'XII','1263','KORONADAL CITY',NULL),(102,'XII','1265','TACURONG CITY',NULL),(103,'XIII','1602','CABADBARAN CITY',NULL),(104,'XIII','1603','BAYUGAN CITY',NULL),(105,'XIII','1667','SURIGAO CITY',NULL),(106,'XIII','1668','TANDAG CITY',NULL),(107,'XIII','1668','BISLIG CITY',NULL),(108,'ARMM','1507','ISABELA CITY',NULL),(109,'ARMM','1507','LAMITAN CITY',NULL),(110,'ARMM','1536','MARAWI CITY',NULL),(111,'ARMM','1538','COTABATO CITY',NULL),(128,'IV-A','0434','SAN PEDRO CITY',NULL);
/*!40000 ALTER TABLE `city` ENABLE KEYS */;
UNLOCK TABLES;

--
-- Table structure for table `huc`
--

DROP TABLE IF EXISTS `huc`;
/*!40101 SET @saved_cs_client     = @@character_set_client */;
/*!40101 SET character_set_client = utf8 */;
CREATE TABLE `huc` (
  `id` int(11) NOT NULL AUTO_INCREMENT,
  `parent_province_code` varchar(20) DEFAULT NULL,
  `province_code` varchar(20) DEFAULT NULL,
  `city` varchar(150) DEFAULT NULL,
  `district` varchar(150) DEFAULT NULL,
  PRIMARY KEY (`id`)
) ENGINE=InnoDB AUTO_INCREMENT=58 DEFAULT CHARSET=utf8mb4;
/*!40101 SET character_set_client = @saved_cs_client */;

--
-- Dumping data for table `huc`
--

LOCK TABLES `huc` WRITE;
/*!40000 ALTER TABLE `huc` DISABLE KEYS */;
INSERT INTO `huc` VALUES (1,'﻿1374','1374-06','MANILA CITY','District 1'),(2,'1374','1374-06','MANILA CITY','District 2'),(3,'1374','1374-06','MANILA CITY','District 3'),(4,'1374','1374-06','MANILA CITY','District 4'),(5,'1374','1374-06','MANILA CITY','District 5'),(6,'1374','1374-06','MANILA CITY','District 6'),(7,'1374','1374-14','QUEZON CITY','District 1'),(8,'1374','1374-14','QUEZON CITY','District 2'),(9,'1374','1374-14','QUEZON CITY','District 3'),(10,'1374','1374-14','QUEZON CITY','District 4'),(11,'1374','1374-14','QUEZON CITY','District 5'),(12,'1374','1374-14','QUEZON CITY','District 6'),(13,'1374','1374-07','MARIKINA CITY','District 1'),(14,'1374','1374-07','MARIKINA CITY','District 2'),(15,'1374','1374-12','PASIG CITY','Lone District'),(16,'1374','1374-15','SAN JUAN CITY','Lone District'),(17,'1374','1374-05','MANDALUYONG CITY','Lone District'),(18,'1374','1374-01','CALOOCAN CITY','District 1'),(19,'1374','1374-01','CALOOCAN CITY','District 2'),(20,'1374','1374-04','MALABON CITY','Lone District'),(21,'1374','1374-09','NAVOTAS CITY','Lone District'),(22,'1374','1374-17','VALENZUELA CITY','District 1'),(23,'1374','1374-17','VALENZUELA CITY','District 2'),(24,'1374','1374-03','MAKATI CITY','District 1'),(25,'1374','1374-03','MAKATI CITY','District 2'),(26,'1374','1374-16','TAGUIG CITY','District 2'),(27,'1374','1374-13','PATEROS CITY','District 1'),(28,'1374','1374-11','PASAY CITY','Lone District'),(29,'1374','1374-08','MUNTINLUPA CITY','Lone District'),(30,'1374','1374-02','LAS PIÑAS CITY','Lone District'),(31,'1374','1374-10','PARAÑAQUE CITY','District 1'),(32,'1374','1374-10','PARAÑAQUE CITY','District 2'),(33,'0354','0354-01','ANGELES CITY',''),(34,'0371','0371-01','OLONGAPO CITY',''),(35,'0456','0456-01','LUCENA CITY',''),(36,'0458','0458-01','ANTIPOLO CITY','District 1'),(37,'0458','0458-01','ANTIPOLO CITY','District 2'),(38,'0630','0630-01','ILOILO  CITY','Lone District'),(39,'1753','1753-01','PUERTO PRINCESA CITY',''),(40,'0645','0645-01','BACOLOD CITY','Lone District'),(41,'0722','0722-02','LAPU-LAPU CITY','Lone District'),(42,'0722','0722-01','CEBU CITY','District 1'),(43,'0722','0722-01','CEBU CITY','District 2 '),(44,'0722','0722-03','MANDAUE CITY','District 7 '),(45,'0837','0837-01','TACLOBAN CITY',''),(46,'0973','0973-01','ZAMBOANGA CITY','District 1'),(47,'0973','0973-01','ZAMBOANGA CITY','District 2 '),(48,'1035','1035-01','ILIGAN CITY','Lone District'),(49,'1043','1043-01','CAGAYAN DE ORO CITY','District 1'),(50,'1043','1043-01','CAGAYAN DE ORO CITY','District 2 '),(51,'1124','1124-01','DAVAO CITY','District 1'),(52,'1124','1124-01','DAVAO CITY','District 2 '),(53,'1124','1124-01','DAVAO CITY','District 3'),(54,'1263','1263-01','GENERAL SANTOS CITY',''),(55,'1411','1411-01','BAGUIO CITY',''),(56,'0371','0371-01','OLONGAPO CITY',''),(57,'1602','1602-01','BUTUAN CITY','');
/*!40000 ALTER TABLE `huc` ENABLE KEYS */;
UNLOCK TABLES;

--
-- Table structure for table `lec`
--

DROP TABLE IF EXISTS `lec`;
/*!40101 SET @saved_cs_client     = @@character_set_client */;
/*!40101 SET character_set_client = utf8 */;
CREATE TABLE `lec` (
  `id` int(10) unsigned NOT NULL AUTO_INCREMENT,
  `name` varchar(255) COLLATE utf8mb4_unicode_ci DEFAULT NULL,
  `user` varchar(25) COLLATE utf8mb4_unicode_ci DEFAULT NULL,
  `user_2` varchar(25) COLLATE utf8mb4_unicode_ci DEFAULT NULL,
  PRIMARY KEY (`id`)
) ENGINE=InnoDB AUTO_INCREMENT=2018047 DEFAULT CHARSET=utf8mb4 COLLATE=utf8mb4_unicode_ci;
/*!40101 SET character_set_client = @saved_cs_client */;

--
-- Dumping data for table `lec`
--

LOCK TABLES `lec` WRITE;
/*!40000 ALTER TABLE `lec` DISABLE KEYS */;
INSERT INTO `lec` VALUES (2018000,'HQ',NULL,NULL),(2018001,'Cong. Teddy Baguilat',NULL,NULL),(2018002,'Mayor Mat Chiyawan',NULL,NULL),(2018003,'BM Nancy Bacurnay',NULL,NULL),(2018004,'Cong. Toff De Venecia',NULL,NULL),(2018005,'Mayor Belen Fernandez',NULL,NULL),(2018006,'Sec. Butch Abad',NULL,NULL),(2018007,'HQ / Atty. Marj Martin',NULL,NULL),(2018008,'Gov. Junie Cua',NULL,NULL),(2018009,'Mayor Marivic Belena',NULL,NULL),(2018010,'Mayor Ed Santiago',NULL,NULL),(2018011,'SBA',NULL,NULL),(2018012,'Cong. Egay Erice',NULL,NULL),(2018013,'Mayor Lenlen Oreta',NULL,NULL),(2018014,'Magi Gunigundo',NULL,NULL),(2018015,'Cong. Miro Quimbo',NULL,NULL),(2018016,'Cong. Kit Belmonte',NULL,NULL),(2018017,'Mayor Jaime Fresnedi',NULL,NULL),(2018018,'Cong. Blue Abaya',NULL,NULL),(2018019,'fSec. Procy Alcala',NULL,NULL),(2018020,'Gov. Carmencita Reyes',NULL,NULL),(2018021,'Cong. Nene Sato',NULL,NULL),(2018022,'Gov. Boy Umali',NULL,NULL),(2018023,'Gov. Ed Firmalo',NULL,NULL),(2018024,'VPL',NULL,NULL),(2018025,'Cong. Edcel Lagman',NULL,NULL),(2018026,'Mayor Krisel Lagman-Luistro',NULL,NULL),(2018027,'Sec. Mar Roxas',NULL,NULL),(2018028,'Mayor Jason Gonzales*',NULL,NULL),(2018029,'fCong. Junjun Tupas',NULL,NULL),(2018030,'fGov. Lito Coscolluela',NULL,NULL),(2018031,'Gov. Ed Chatto',NULL,NULL),(2018032,'Gov. Junjun Davide',NULL,NULL),(2018033,'Cong. Josy Limkaichong',NULL,NULL),(2018034,'Mayor Dindo Picardal',NULL,NULL),(2018035,'Cong. Raul Daza',NULL,NULL),(2018036,'Sec. Mel Sarmiento',NULL,NULL),(2018037,'Mayor Beng Climaco',NULL,NULL),(2018038,'Cong. Gani Amatong',NULL,NULL),(2018039,'VG Ace Cerilles',NULL,NULL),(2018040,'Mayor Romeo Pulmones',NULL,NULL),(2018041,'Mayor Rommel Arnado',NULL,NULL),(2018042,'Mayor Philip Tan',NULL,NULL),(2018043,'Chit Asis',NULL,NULL),(2018044,'Cong. Kaka Bag-ao',NULL,NULL),(2018045,'RVG Haroun Al Rashid Alonto Lucman',NULL,NULL),(2018046,'RG Mujiv Hataman',NULL,NULL);
/*!40000 ALTER TABLE `lec` ENABLE KEYS */;
UNLOCK TABLES;

--
-- Table structure for table `migrations`
--

DROP TABLE IF EXISTS `migrations`;
/*!40101 SET @saved_cs_client     = @@character_set_client */;
/*!40101 SET character_set_client = utf8 */;
CREATE TABLE `migrations` (
  `id` int(10) unsigned NOT NULL AUTO_INCREMENT,
  `migration` varchar(191) COLLATE utf8mb4_unicode_ci NOT NULL,
  `batch` int(11) NOT NULL,
  PRIMARY KEY (`id`)
) ENGINE=InnoDB AUTO_INCREMENT=4 DEFAULT CHARSET=utf8mb4 COLLATE=utf8mb4_unicode_ci;
/*!40101 SET character_set_client = @saved_cs_client */;

--
-- Dumping data for table `migrations`
--

LOCK TABLES `migrations` WRITE;
/*!40000 ALTER TABLE `migrations` DISABLE KEYS */;
INSERT INTO `migrations` VALUES (1,'2014_10_12_000000_create_users_table',1),(2,'2014_10_12_100000_create_password_resets_table',1),(3,'2018_09_12_093447_create_candidates_table',2);
/*!40000 ALTER TABLE `migrations` ENABLE KEYS */;
UNLOCK TABLES;

--
-- Table structure for table `municipality`
--

DROP TABLE IF EXISTS `municipality`;
/*!40101 SET @saved_cs_client     = @@character_set_client */;
/*!40101 SET character_set_client = utf8 */;
CREATE TABLE `municipality` (
  `id` int(11) NOT NULL AUTO_INCREMENT,
  `province_code` varchar(50) NOT NULL,
  `district` varchar(150) NOT NULL,
  `municipality` varchar(255) NOT NULL,
  `lec` varchar(20) NOT NULL,
  PRIMARY KEY (`id`)
) ENGINE=InnoDB AUTO_INCREMENT=1488 DEFAULT CHARSET=utf8mb4;
/*!40101 SET character_set_client = @saved_cs_client */;

--
-- Dumping data for table `municipality`
--

LOCK TABLES `municipality` WRITE;
/*!40000 ALTER TABLE `municipality` DISABLE KEYS */;
INSERT INTO `municipality` VALUES (1,'1401','Lone District','BANGUED',''),(2,'1401','Lone District','BOLINEY',''),(3,'1401','Lone District','BUCAY',''),(4,'1401','Lone District','BUCLOC',''),(5,'1401','Lone District','DAGUIOMAN',''),(6,'1401','Lone District','DANGLAS',''),(7,'1401','Lone District','DOLORES',''),(8,'1401','Lone District','LA PAZ',''),(9,'1401','Lone District','LACUB',''),(10,'1401','Lone District','LAGANGILANG',''),(11,'1401','Lone District','LAGAYAN',''),(12,'1401','Lone District','LANGIDEN',''),(13,'1401','Lone District','LICUAN-BAAY (LICUAN)',''),(14,'1401','Lone District','LUBA',''),(15,'1401','Lone District','MALIBCONG',''),(16,'1401','Lone District','MANABO',''),(17,'1401','Lone District','PE?ARRUBIA',''),(18,'1401','Lone District','PIDIGAN',''),(19,'1401','Lone District','PILAR',''),(20,'1401','Lone District','SALLAPADAN',''),(21,'1401','Lone District','SAN ISIDRO',''),(22,'1401','Lone District','SAN JUAN',''),(23,'1401','Lone District','SAN QUINTIN',''),(24,'1401','Lone District','TAYUM',''),(25,'1401','Lone District','TINEG',''),(26,'1401','Lone District','TUBO',''),(27,'1401','Lone District','VILLAVICIOSA',''),(28,'1481','Lone District','CALANASAN (BAYAG)',''),(29,'1481','Lone District','CONNER',''),(30,'1481','Lone District','FLORA',''),(31,'1481','Lone District','KABUGAO',''),(32,'1481','Lone District','LUNA',''),(33,'1481','Lone District','PUDTOL',''),(34,'1481','Lone District','SANTA MARCELA',''),(35,'1411','Lone District','ATOK',''),(36,'1411','Lone District','BAKUN',''),(37,'1411','Lone District','BOKOD',''),(38,'1411','Lone District','BUGUIAS',''),(39,'1411','Lone District','ITOGON',''),(40,'1411','Lone District','KABAYAN',''),(41,'1411','Lone District','KAPANGAN',''),(42,'1411','Lone District','KIBUNGAN',''),(43,'1411','Lone District','LA TRINIDAD',''),(44,'1411','Lone District','MANKAYAN',''),(45,'1411','Lone District','SABLAN',''),(46,'1411','Lone District','TUBA',''),(47,'1411','Lone District','TUBLAY',''),(48,'1427','Lone District','AGUINALDO',''),(49,'1427','Lone District','ALFONSO LISTA (POTIA)',''),(50,'1427','Lone District','ASIPULO',''),(51,'1427','Lone District','BANAUE',''),(52,'1427','Lone District','HINGYON',''),(53,'1427','Lone District','HUNGDUAN',''),(54,'1427','Lone District','KIANGAN',''),(55,'1427','Lone District','LAGAWE',''),(56,'1427','Lone District','LAMUT',''),(57,'1427','Lone District','MAYOYAO',''),(58,'1427','Lone District','TINOC',''),(59,'1432','Lone District','BALBALAN',''),(60,'1432','Lone District','LUBUAGAN',''),(61,'1432','Lone District','PASIL',''),(62,'1432','Lone District','PINUKPUK',''),(63,'1432','Lone District','RIZAL (LIWAN)',''),(64,'1432','Lone District','TANUDAN',''),(65,'1432','Lone District','TINGLAYAN',''),(66,'1444','Lone District','BARLIG',''),(67,'1444','Lone District','BAUKO',''),(68,'1444','Lone District','BESAO',''),(69,'1444','Lone District','BONTOC',''),(70,'1444','Lone District','NATONIN',''),(71,'1444','Lone District','PARACELIS',''),(72,'1444','Lone District','SABANGAN',''),(73,'1444','Lone District','SADANGA',''),(74,'1444','Lone District','SAGADA',''),(75,'1444','Lone District','TADIAN',''),(76,'0128','District 1','ADAMS',''),(77,'0128','District 1','BACARRA',''),(78,'0128','District 1','BANGUI',''),(79,'0128','District 1','BURGOS',''),(80,'0128','District 1','CARASI',''),(81,'0128','District 1','DUMALNEG',''),(82,'0128','District 1','PAGUDPUD',''),(83,'0128','District 1','PASUQUIN',''),(84,'0128','District 1','PIDDIG',''),(85,'0128','District 1','SARRAT',''),(86,'0128','District 1','VINTAR',''),(87,'0128','District 2','BADOC',''),(88,'0128','District 2','BANNA (ESPIRITU)',''),(89,'0128','District 2','CURRIMAO',''),(90,'0128','District 2','DINGRAS',''),(91,'0128','District 2','MARCOS',''),(92,'0128','District 2','NUEVA ERA',''),(93,'0128','District 2','PAOAY',''),(94,'0128','District 2','PINILI',''),(95,'0128','District 2','SAN NICOLAS',''),(96,'0128','District 2','SOLSONA',''),(97,'0129','District 1','BANTAY',''),(98,'0129','District 1','CABUGAO',''),(99,'0129','District 1','CAOAYAN',''),(100,'0129','District 1','MAGSINGAL',''),(101,'0129','District 1','SAN ILDEFONSO',''),(102,'0129','District 1','SAN JUAN (LAPOG)',''),(103,'0129','District 1','SAN VICENTE',''),(104,'0129','District 1','SANTA CATALINA',''),(105,'0129','District 1','SANTO DOMINGO',''),(106,'0129','District 1','SINAIT',''),(107,'0129','District 2','ALILEM',''),(108,'0129','District 2','BANAYOYO',''),(109,'0129','District 2','BURGOS',''),(110,'0129','District 2','CERVANTES',''),(111,'0129','District 2','GALIMUYOD',''),(112,'0129','District 2','GREGORIO DEL PILAR (CONCEPCION)',''),(113,'0129','District 2','LIDLIDDA',''),(114,'0129','District 2','NAGBUKEL',''),(115,'0129','District 2','NARVACAN',''),(116,'0129','District 2','QUIRINO (ANGKAKI)',''),(117,'0129','District 2','SALCEDO (BAUGEN)',''),(118,'0129','District 2','SAN EMILIO',''),(119,'0129','District 2','SAN ESTEBAN',''),(120,'0129','District 2','SANTA',''),(121,'0129','District 2','SANTA CRUZ',''),(122,'0129','District 2','SANTA LUCIA',''),(123,'0129','District 2','SANTA MARIA',''),(124,'0129','District 2','SANTIAGO',''),(125,'0129','District 2','SIGAY',''),(126,'0129','District 2','SUGPON',''),(127,'0129','District 2','SUYO',''),(128,'0129','District 2','TAGUDIN',''),(129,'0133','District 1','BACNOTAN',''),(130,'0133','District 1','BALAOAN',''),(131,'0133','District 1','BANGAR',''),(132,'0133','District 1','LUNA',''),(133,'0133','District 1','SAN GABRIEL',''),(134,'0133','District 1','SAN JUAN',''),(135,'0133','District 1','SANTOL',''),(136,'0133','District 1','SUDIPEN',''),(137,'0133','District 2','AGOO',''),(138,'0133','District 2','ARINGAY',''),(139,'0133','District 2','BAGULIN',''),(140,'0133','District 2','BAUANG',''),(141,'0133','District 2','BURGOS',''),(142,'0133','District 2','CABA',''),(143,'0133','District 2','NAGUILIAN',''),(144,'0133','District 2','PUGO',''),(145,'0133','District 2','ROSARIO',''),(146,'0133','District 2','SANTO TOMAS',''),(147,'0133','District 2','TUBAO',''),(148,'0155','District 1','AGNO',''),(149,'0155','District 1','ANDA',''),(150,'0155','District 1','BANI',''),(151,'0155','District 1','BOLINAO',''),(152,'0155','District 1','BURGOS',''),(153,'0155','District 1','DASOL',''),(154,'0155','District 1','INFANTA',''),(155,'0155','District 1','MABINI',''),(156,'0155','District 1','SUAL',''),(157,'0155','District 2','AGUILAR',''),(158,'0155','District 2','BASISTA',''),(159,'0155','District 2','BINMALEY',''),(160,'0155','District 2','BUGALLON',''),(161,'0155','District 2','LABRADOR',''),(162,'0155','District 2','LINGAYEN',''),(163,'0155','District 2','MANGATAREM',''),(164,'0155','District 2','URBIZTONDO',''),(165,'0155','District 3','BAYAMBANG',''),(166,'0155','District 3','CALASIAO',''),(167,'0155','District 3','MALASIQUI',''),(168,'0155','District 3','MAPANDAN',''),(169,'0155','District 3','SANTA BARBARA',''),(170,'0155','District 4','MANAOAG','2018004'),(171,'0155','District 4','MANGALDAN','2018004'),(172,'0155','District 4','SAN FABIAN','2018004'),(173,'0155','District 4','SAN JACINTO','2018004'),(174,'0155','District 5','ALCALA',''),(175,'0155','District 5','BAUTISTA',''),(176,'0155','District 5','BINALONAN',''),(177,'0155','District 5','LAOAC',''),(178,'0155','District 5','POZZORUBIO',''),(179,'0155','District 5','SANTO TOMAS',''),(180,'0155','District 5','SISON',''),(181,'0155','District 5','VILLASIS',''),(182,'0155','District 6','ASINGAN',''),(183,'0155','District 6','BALUNGAO',''),(184,'0155','District 6','NATIVIDAD',''),(185,'0155','District 6','ROSALES',''),(186,'0155','District 6','SAN MANUEL',''),(187,'0155','District 6','SAN NICOLAS',''),(188,'0155','District 6','SAN QUINTIN',''),(189,'0155','District 6','SANTA MARIA',''),(190,'0155','District 6','TAYUG',''),(191,'0155','District 6','UMINGAN',''),(192,'0209','Lone Congressional District','BASCO',''),(193,'0209','Lone Congressional District','ITBAYAT',''),(194,'0209','Lone Congressional District','IVANA',''),(195,'0209','Lone Congressional District','MAHATAO',''),(196,'0209','Lone Congressional District','SABTANG',''),(197,'0209','Lone Congressional District','UYUGAN',''),(198,'0215','District 1','ALCALA',''),(199,'0215','District 1','APARRI',''),(200,'0215','District 1','BAGGAO',''),(201,'0215','District 1','BUGUEY',''),(202,'0215','District 1','CAMALANIUGAN',''),(203,'0215','District 1','GATTARAN',''),(204,'0215','District 1','GONZAGA',''),(205,'0215','District 1','LAL-LO',''),(206,'0215','District 1','SANTA ANA',''),(207,'0215','District 1','SANTA TERESITA',''),(208,'0215','District 2','ABULUG',''),(209,'0215','District 2','ALLACAPAN',''),(210,'0215','District 2','BALLESTEROS',''),(211,'0215','District 2','CALAYAN',''),(212,'0215','District 2','CLAVERIA',''),(213,'0215','District 2','LASAM',''),(214,'0215','District 2','PAMPLONA',''),(215,'0215','District 2','PIAT',''),(216,'0215','District 2','RIZAL',''),(217,'0215','District 2','SANCHEZ-MIRA',''),(218,'0215','District 2','SANTA PRAXEDES',''),(219,'0215','District 2','SANTO NI?O (FAIRE)',''),(220,'0215','District 3','AMULUNG',''),(221,'0215','District 3','ENRILE',''),(222,'0215','District 3','IGUIG',''),(223,'0215','District 3','PE?ABLANCA',''),(224,'0215','District 3','SOLANA',''),(225,'0215','District 3','TUAO',''),(226,'0231','District 1','CABAGAN',''),(227,'0231','District 1','DELFIN ALBANO (MAGSAYSAY)',''),(228,'0231','District 1','DIVILACAN',''),(229,'0231','District 1','MACONACON',''),(230,'0231','District 1','PALANAN',''),(231,'0231','District 1','SAN PABLO',''),(232,'0231','District 1','SANTA MARIA',''),(233,'0231','District 1','SANTO TOMAS',''),(234,'0231','District 1','TUMAUINI',''),(235,'0231','District 2','AURORA',''),(236,'0231','District 2','BENITO SOLIVEN',''),(237,'0231','District 2','BURGOS',''),(238,'0231','District 2','GAMU',''),(239,'0231','District 2','MALLIG',''),(240,'0231','District 2','NAGUILIAN',''),(241,'0231','District 2','QUEZON',''),(242,'0231','District 2','QUIRINO',''),(243,'0231','District 2','ROXAS',''),(244,'0231','District 2','SAN MANUEL',''),(245,'0231','District 2','SAN MARIANO',''),(246,'0231','District 3','ALICIA',''),(247,'0231','District 3','ANGADANAN',''),(248,'0231','District 3','CABATUAN',''),(249,'0231','District 3','LUNA',''),(250,'0231','District 3','REINA MERCEDES',''),(251,'0231','District 3','SAN GUILLERMO',''),(252,'0231','District 3','SAN MATEO',''),(253,'0231','District 4','CORDON',''),(254,'0231','District 4','DINAPIGUE',''),(255,'0231','District 4','ECHAGUE',''),(256,'0231','District 4','JONES',''),(257,'0231','District 4','RAMON',''),(258,'0231','District 4','SAN AGUSTIN',''),(259,'0231','District 4','SAN ISIDRO',''),(260,'0250','Lone District','ALFONSO CASTANEDA',''),(261,'0250','Lone District','AMBAGUIO',''),(262,'0250','Lone District','ARITAO',''),(263,'0250','Lone District','BAGABAG',''),(264,'0250','Lone District','BAMBANG',''),(265,'0250','Lone District','BAYOMBONG',''),(266,'0250','Lone District','DIADI',''),(267,'0250','Lone District','DUPAX DEL NORTE',''),(268,'0250','Lone District','DUPAX DEL SUR',''),(269,'0250','Lone District','KASIBU',''),(270,'0250','Lone District','KAYAPA',''),(271,'0250','Lone District','QUEZON',''),(272,'0250','Lone District','SANTA FE',''),(273,'0250','Lone District','SOLANO',''),(274,'0250','Lone District','VILLAVERDE',''),(275,'0257','Lone District','AGLIPAY',''),(276,'0257','Lone District','CABARROGUIS',''),(277,'0257','Lone District','DIFFUN',''),(278,'0257','Lone District','MADDELA',''),(279,'0257','Lone District','NAGTIPUNAN',''),(280,'0257','Lone District','SAGUDAY',''),(281,'0377','Lone District','BALER',''),(282,'0377','Lone District','CASIGURAN',''),(283,'0377','Lone District','DILASAG',''),(284,'0377','Lone District','DINALUNGAN',''),(285,'0377','Lone District','DINGALAN',''),(286,'0377','Lone District','DIPACULAO',''),(287,'0377','Lone District','MARIA AURORA',''),(288,'0377','Lone District','SAN LUIS',''),(289,'0314','District 1','BULACAN',''),(290,'0314','District 1','CALUMPIT',''),(291,'0314','District 1','HAGONOY',''),(292,'0314','District 1','PAOMBONG',''),(293,'0314','District 1','PULILAN',''),(294,'0314','District 2','BALAGTAS (BIGAA)',''),(295,'0314','District 2','BALIUAG',''),(296,'0314','District 2','BOCAUE',''),(297,'0314','District 2','BUSTOS',''),(298,'0314','District 2','GUIGUINTO',''),(299,'0314','District 2','PANDI',''),(300,'0314','District 2','PLARIDEL',''),(301,'0314','District 3','ANGAT',''),(302,'0314','District 3','DO?A REMEDIOS TRINIDAD',''),(303,'0314','District 3','NORZAGARAY',''),(304,'0314','District 3','SAN ILDEFONSO',''),(305,'0314','District 3','SAN MIGUEL',''),(306,'0314','District 3','SAN RAFAEL',''),(307,'0314','District 4','MARILAO',''),(308,'0314','District 4','OBANDO',''),(309,'0314','District 4','SANTA MARIA',''),(310,'0349','District 1','ALIAGA',''),(311,'0349','District 1','CUYAPO',''),(312,'0349','District 1','GUIMBA',''),(313,'0349','District 1','LICAB',''),(314,'0349','District 1','NAMPICUAN',''),(315,'0349','District 1','QUEZON',''),(316,'0349','District 1','SANTO DOMINGO',''),(317,'0349','District 1','TALAVERA',''),(318,'0349','District 1','ZARAGOZA',''),(319,'0349','District 2','CARRANGLAN',''),(320,'0349','District 2','LLANERA',''),(321,'0349','District 2','LUPAO',''),(322,'0349','District 2','PANTABANGAN',''),(323,'0349','District 2','RIZAL',''),(324,'0349','District 2','TALUGTUG',''),(325,'0349','District 3','BONGABON',''),(326,'0349','District 3','GABALDON (BITULOK & SABANI)',''),(327,'0349','District 3','GENERAL MAMERTO NATIVIDAD',''),(328,'0349','District 3','LAUR',''),(329,'0349','District 3','SANTA ROSA',''),(330,'0349','District 4','CABIAO',''),(331,'0349','District 4','GENERAL TINIO (PAPAYA)',''),(332,'0349','District 4','JAEN',''),(333,'0349','District 4','PE?ARANDA',''),(334,'0349','District 4','SAN ANTONIO',''),(335,'0349','District 4','SAN ISIDRO',''),(336,'0349','District 4','SAN LEONARDO',''),(337,'0354','District 1','MAGALANG',''),(338,'0354','District 2','FLORIDABLANCA',''),(339,'0354','District 2','GUAGUA',''),(340,'0354','District 2','LUBAO',''),(341,'0354','District 2','PORAC',''),(342,'0354','District 2','SANTA RITA',''),(343,'0354','District 2','SASMUAN (SEXMOAN)',''),(344,'0354','District 3','ARAYAT',''),(345,'0354','District 3','MEXICO',''),(346,'0354','District 3','SANTA ANA',''),(347,'0354','District 4','APALIT',''),(348,'0354','District 4','CANDABA',''),(349,'0354','District 4','MACABEBE',''),(350,'0354','District 4','MASANTOL',''),(351,'0354','District 4','MINALIN',''),(352,'0354','District 4','SAN LUIS',''),(353,'0354','District 4','SAN SIMON',''),(354,'0354','District 4','SANTO TOMAS',''),(355,'0369','District 1','ANAO',''),(356,'0369','District 1','CAMILING',''),(357,'0369','District 1','MAYANTOC',''),(358,'0369','District 1','MONCADA',''),(359,'0369','District 1','PANIQUI',''),(360,'0369','District 1','PURA',''),(361,'0369','District 1','RAMOS',''),(362,'0369','District 1','SAN CLEMENTE',''),(363,'0369','District 1','SAN MANUEL',''),(364,'0369','District 1','SANTA IGNACIA',''),(365,'0369','District 2','GERONA',''),(366,'0369','District 2','SAN JOSE',''),(367,'0369','District 2','VICTORIA',''),(368,'0369','District 3','BAMBAN',''),(369,'0369','District 3','CAPAS',''),(370,'0369','District 3','CONCEPCION',''),(371,'0369','District 3','LA PAZ',''),(372,'0371','District 1','CASTILLEJOS',''),(373,'0371','District 1','SAN MARCELINO',''),(374,'0371','District 1','SUBIC',''),(375,'0371','District 2','IBA',''),(376,'0371','District 2','BOTOLAN',''),(377,'0371','District 2','CABANGAN',''),(378,'0371','District 2','CANDELARIA',''),(379,'0371','District 2','MASINLOC',''),(380,'0371','District 2','PALAUIG',''),(381,'0371','District 2','SAN ANTONIO',''),(382,'0371','District 2','SAN FELIPE',''),(383,'0371','District 2','SAN NARCISO',''),(384,'0371','District 2','SANTA CRUZ',''),(385,'0410','District 1','BALAYAN',''),(386,'0410','District 1','CALACA',''),(387,'0410','District 1','CALATAGAN',''),(388,'0410','District 1','LEMERY',''),(389,'0410','District 1','LIAN',''),(390,'0410','District 1','NASUGBU',''),(391,'0410','District 1','TAAL',''),(392,'0410','District 1','TUY',''),(393,'0410','District 2','BAUAN',''),(394,'0410','District 2','LOBO',''),(395,'0410','District 2','MABINI',''),(396,'0410','District 2','SAN LUIS',''),(397,'0410','District 2','SAN PASCUAL',''),(398,'0410','District 2','TINGLOY',''),(399,'0410','District 3','AGONCILLO',''),(400,'0410','District 3','ALITAGTAG',''),(401,'0410','District 3','BALETE',''),(402,'0410','District 3','CUENCA',''),(403,'0410','District 3','LAUREL',''),(404,'0410','District 3','MALVAR',''),(405,'0410','District 3','MATAAS NA KAHOY',''),(406,'0410','District 3','SAN NICOLAS',''),(407,'0410','District 3','SANTA TERESITA',''),(408,'0410','District 3','SANTO TOMAS',''),(409,'0410','District 3','TALISAY',''),(410,'0410','District 4','IBAAN',''),(411,'0410','District 4','PADRE GARCIA',''),(412,'0410','District 4','ROSARIO',''),(413,'0410','District 4','SAN JOSE',''),(414,'0410','District 4','SAN JUAN',''),(415,'0410','District 4','TAYSAN',''),(416,'0421','District 1','KAWIT',''),(417,'0421','District 1','NOVELETA',''),(418,'0421','District 1','ROSARIO',''),(419,'0421','District 5','CARMONA',''),(420,'0421','District 5','GENERAL MARIANO ALVAREZ',''),(421,'0421','District 5','SILANG',''),(422,'0421','District 6','AMADEO',''),(423,'0421','District 6','TANZA',''),(424,'0421','District 7','ALFONSO',''),(425,'0421','District 7','GENERAL EMILIO AGUINALDO',''),(426,'0421','District 7','INDANG',''),(427,'0421','District 7','MAGALLANES',''),(428,'0421','District 7','MARAGONDON',''),(429,'0421','District 7','MENDEZ (MENDEZ-NU?EZ)',''),(430,'0421','District 7','NAIC',''),(431,'0421','District 7','TERNATE',''),(432,'0434','District 2','BAY',''),(433,'0434','District 2','LOS BA?OS',''),(434,'0434','District 3','ALAMINOS',''),(435,'0434','District 3','CALAUAN',''),(436,'0434','District 3','LILIW',''),(437,'0434','District 3','NAGCARLAN',''),(438,'0434','District 3','RIZAL',''),(439,'0434','District 3','VICTORIA',''),(440,'0434','District 4','SANTA CRUZ',''),(441,'0434','District 4','CAVINTI',''),(442,'0434','District 4','FAMY',''),(443,'0434','District 4','KALAYAAN',''),(444,'0434','District 4','LUISIANA',''),(445,'0434','District 4','LUMBAN',''),(446,'0434','District 4','MABITAC',''),(447,'0434','District 4','MAGDALENA',''),(448,'0434','District 4','MAJAYJAY',''),(449,'0434','District 4','PAETE',''),(450,'0434','District 4','PAGSANJAN',''),(451,'0434','District 4','PAKIL',''),(452,'0434','District 4','PANGIL',''),(453,'0434','District 4','PILA',''),(454,'0434','District 4','SANTA MARIA',''),(455,'0434','District 4','SINILOAN',''),(456,'0456','District 1','BURDEOS',''),(457,'0456','District 1','GENERAL NAKAR',''),(458,'0456','District 1','INFANTA',''),(459,'0456','District 1','JOMALIG',''),(460,'0456','District 1','LUCBAN',''),(461,'0456','District 1','MAUBAN',''),(462,'0456','District 1','PAGBILAO',''),(463,'0456','District 1','PANUKULAN',''),(464,'0456','District 1','PATNANUNGAN',''),(465,'0456','District 1','POLILLO',''),(466,'0456','District 1','REAL',''),(467,'0456','District 1','SAMPALOC',''),(468,'0456','District 2','CANDELARIA',''),(469,'0456','District 2','DOLORES',''),(470,'0456','District 2','SAN ANTONIO',''),(471,'0456','District 2','SARIAYA',''),(472,'0456','District 2','TIAONG',''),(473,'0456','District 3','AGDANGAN',''),(474,'0456','District 3','BUENAVISTA',''),(475,'0456','District 3','CATANAUAN',''),(476,'0456','District 3','GENERAL LUNA',''),(477,'0456','District 3','MACALELON',''),(478,'0456','District 3','MULANAY',''),(479,'0456','District 3','PADRE BURGOS',''),(480,'0456','District 3','PITOGO',''),(481,'0456','District 3','SAN ANDRES',''),(482,'0456','District 3','SAN FRANCISCO (AURORA)',''),(483,'0456','District 3','SAN NARCISO',''),(484,'0456','District 3','UNISAN',''),(485,'0456','District 4','ALABAT',''),(486,'0456','District 4','ATIMONAN',''),(487,'0456','District 4','CALAUAG',''),(488,'0456','District 4','GUINAYANGAN',''),(489,'0456','District 4','GUMACA',''),(490,'0456','District 4','LOPEZ',''),(491,'0456','District 4','PEREZ',''),(492,'0456','District 4','PLARIDEL',''),(493,'0456','District 4','QUEZON',''),(494,'0456','District 4','TAGKAWAYAN',''),(495,'0458','District 1','ANGONO',''),(496,'0458','District 1','BINANGONAN',''),(497,'0458','District 1','CAINTA',''),(498,'0458','District 1','TAYTAY',''),(499,'0458','District 2','BARAS',''),(500,'0458','District 2','CARDONA',''),(501,'0458','District 2','JALA-JALA',''),(502,'0458','District 2','MORONG',''),(503,'0458','District 2','PILILLA',''),(504,'0458','District 2','RODRIGUEZ (MONTALBAN)',''),(505,'0458','District 2','SAN MATEO',''),(506,'0458','District 2','TANAY',''),(507,'0458','District 2','TERESA',''),(508,'1740','Lone District','BOAC',''),(509,'1740','Lone District','BUENAVISTA',''),(510,'1740','Lone District','GASAN',''),(511,'1740','Lone District','MOGPOG',''),(512,'1740','Lone District','SANTA CRUZ',''),(513,'1740','Lone District','TORRIJOS',''),(514,'1751','Lone District','ABRA DE ILOG',''),(515,'1751','Lone District','CALINTAAN',''),(516,'1751','Lone District','LOOC',''),(517,'1751','Lone District','LUBANG',''),(518,'1751','Lone District','MAGSAYSAY',''),(519,'1751','Lone District','MAMBURAO',''),(520,'1751','Lone District','PALUAN',''),(521,'1751','Lone District','RIZAL',''),(522,'1751','Lone District','SABLAYAN',''),(523,'1751','Lone District','SAN JOSE',''),(524,'1751','Lone District','SANTA CRUZ',''),(525,'1752','District 1','BACO',''),(526,'1752','District 1','NAUJAN',''),(527,'1752','District 1','POLA',''),(528,'1752','District 1','PUERTO GALERA',''),(529,'1752','District 1','SAN TEODORO',''),(530,'1752','District 1','SOCORRO',''),(531,'1752','District 1','VICTORIA',''),(532,'1752','District 2','BANSUD',''),(533,'1752','District 2','BONGABONG',''),(534,'1752','District 2','BULALACAO (SAN PEDRO)',''),(535,'1752','District 2','GLORIA',''),(536,'1752','District 2','MANSALAY',''),(537,'1752','District 2','PINAMALAYAN',''),(538,'1752','District 2','ROXAS',''),(539,'1753','District 1','AGUTAYA',''),(540,'1753','District 1','ARACELI',''),(541,'1753','District 1','BUSUANGA',''),(542,'1753','District 1','CAGAYANCILLO',''),(543,'1753','District 1','CORON',''),(544,'1753','District 1','CULION',''),(545,'1753','District 1','CUYO',''),(546,'1753','District 1','DUMARAN',''),(547,'1753','District 1','EL NIDO (BACUIT)',''),(548,'1753','District 1','KALAYAAN',''),(549,'1753','District 1','LINAPACAN',''),(550,'1753','District 1','MAGSAYSAY',''),(551,'1753','District 1','ROXAS',''),(552,'1753','District 1','SAN VICENTE',''),(553,'1753','District 1','TAYTAY',''),(554,'1753','District 2','ABORLAN',''),(555,'1753','District 2','BALABAC',''),(556,'1753','District 2','BATARAZA',''),(557,'1753','District 2','BROOKE\'S POINT',''),(558,'1753','District 2','NARRA',''),(559,'1753','District 2','QUEZON',''),(560,'1753','District 2','RIZAL (MARCOS)',''),(561,'1753','District 2','SOFRONIO ESPA?OLA',''),(562,'1759','Lone District','ALCANTARA',''),(563,'1759','Lone District','BANTON',''),(564,'1759','Lone District','CAJIDIOCAN',''),(565,'1759','Lone District','CALATRAVA',''),(566,'1759','Lone District','CONCEPCION',''),(567,'1759','Lone District','CORCUERA',''),(568,'1759','Lone District','FERROL',''),(569,'1759','Lone District','LOOC',''),(570,'1759','Lone District','MAGDIWANG',''),(571,'1759','Lone District','ODIONGAN',''),(572,'1759','Lone District','ROMBLON',''),(573,'1759','Lone District','SAN AGUSTIN',''),(574,'1759','Lone District','SAN ANDRES',''),(575,'1759','Lone District','SAN FERNANDO',''),(576,'1759','Lone District','SAN JOSE',''),(577,'1759','Lone District','SANTA FE',''),(578,'1759','Lone District','SANTA MARIA (IMELDA)',''),(579,'0505','District 1','BACACAY','2018025'),(580,'0505','District 1','MALILIPOT','2018025'),(581,'0505','District 1','MALINAO','2018025'),(582,'0505','District 1','SANTO DOMINGO (LIBOG)','2018025'),(583,'0505','District 1','TIWI','2018025'),(584,'0505','District 2','CAMALIG',''),(585,'0505','District 2','DARAGA (LOCSIN)',''),(586,'0505','District 2','MANITO',''),(587,'0505','District 2','RAPU-RAPU',''),(588,'0505','District 3','GUINOBATAN',''),(589,'0505','District 3','JOVELLAR',''),(590,'0505','District 3','LIBON',''),(591,'0505','District 3','OAS',''),(592,'0505','District 3','PIO DURAN',''),(593,'0505','District 3','POLANGUI',''),(594,'0516','District 1','CAPALONGA',''),(595,'0516','District 1','JOSE PANGANIBAN',''),(596,'0516','District 1','LABO',''),(597,'0516','District 1','PARACALE',''),(598,'0516','District 1','SANTA ELENA',''),(599,'0516','District 2','DAET',''),(600,'0516','District 2','BASUD',''),(601,'0516','District 2','MERCEDES',''),(602,'0516','District 2','SAN LORENZO RUIZ',''),(603,'0516','District 2','SAN VICENTE',''),(604,'0516','District 2','TALISAY',''),(605,'0516','District 2','VINZONS',''),(606,'0517','District 1','CABUSAO',''),(607,'0517','District 1','DEL GALLEGO',''),(608,'0517','District 1','LUPI',''),(609,'0517','District 1','RAGAY',''),(610,'0517','District 1','SIPOCOT',''),(611,'0517','District 2','GAINZA',''),(612,'0517','District 2','LIBMANAN',''),(613,'0517','District 2','MILAOR',''),(614,'0517','District 2','MINALABAC',''),(615,'0517','District 2','PAMPLONA',''),(616,'0517','District 2','PASACAO',''),(617,'0517','District 2','SAN FERNANDO',''),(618,'0517','District 3','BOMBON',''),(619,'0517','District 3','CALABANGA',''),(620,'0517','District 3','CAMALIGAN',''),(621,'0517','District 3','CANAMAN',''),(622,'0517','District 3','MAGARAO',''),(623,'0517','District 3','OCAMPO',''),(624,'0517','District 3','PILI',''),(625,'0517','District 4','CARAMOAN',''),(626,'0517','District 4','GARCHITORENA',''),(627,'0517','District 4','GOA',''),(628,'0517','District 4','LAGONOY',''),(629,'0517','District 4','PRESENTACION (PARUBCAN)',''),(630,'0517','District 4','SAG?AY',''),(631,'0517','District 4','SAN JOSE',''),(632,'0517','District 4','SIRUMA',''),(633,'0517','District 4','TIGAON',''),(634,'0517','District 4','TINAMBAC',''),(635,'0517','District 5','BAAO',''),(636,'0517','District 5','BALATAN',''),(637,'0517','District 5','BATO',''),(638,'0517','District 5','BUHI',''),(639,'0517','District 5','BULA',''),(640,'0517','District 5','NABUA',''),(641,'0520','Lone District','BAGAMANOC',''),(642,'0520','Lone District','BARAS',''),(643,'0520','Lone District','BATO',''),(644,'0520','Lone District','CARAMORAN',''),(645,'0520','Lone District','GIGMOTO',''),(646,'0520','Lone District','PANDAN',''),(647,'0520','Lone District','PANGANIBAN (PAYO)',''),(648,'0520','Lone District','SAN ANDRES (CALOLBON)',''),(649,'0520','Lone District','SAN MIGUEL',''),(650,'0520','Lone District','VIGA',''),(651,'0520','Lone District','VIRAC',''),(652,'0541','District 1','BATUAN',''),(653,'0541','District 1','CLAVERIA',''),(654,'0541','District 1','MONREAL',''),(655,'0541','District 1','SAN FERNANDO',''),(656,'0541','District 1','SAN JACINTO',''),(657,'0541','District 1','SAN PASCUAL',''),(658,'0541','District 2','AROROY',''),(659,'0541','District 2','BALENO',''),(660,'0541','District 2','BALUD',''),(661,'0541','District 2','MANDAON',''),(662,'0541','District 2','MILAGROS',''),(663,'0541','District 2','MOBO',''),(664,'0541','District 2','CATAINGAN',''),(665,'0541','District 2','CAWAYAN',''),(666,'0541','District 2','DIMASALANG',''),(667,'0541','District 2','ESPERANZA',''),(668,'0541','District 2','PALANAS',''),(669,'0541','District 2','PIO V. CORPUZ (LIMBUHAN)',''),(670,'0541','District 2','PLACER',''),(671,'0541','District 2','USON',''),(672,'0562','District 1','CASIGURAN',''),(673,'0562','District 1','CASTILLA',''),(674,'0562','District 1','DONSOL',''),(675,'0562','District 1','MAGALLANES',''),(676,'0562','District 1','PILAR',''),(677,'0562','District 2','BARCELONA',''),(678,'0562','District 2','BULAN',''),(679,'0562','District 2','BULUSAN',''),(680,'0562','District 2','GUBAT',''),(681,'0562','District 2','IROSIN',''),(682,'0562','District 2','JUBAN',''),(683,'0562','District 2','MATNOG',''),(684,'0562','District 2','PRIETO DIAZ',''),(685,'0562','District 2','SANTA MAGDALENA',''),(686,'0604','Lone District','ALTAVAS',''),(687,'0604','Lone District','BALETE',''),(688,'0604','Lone District','BANGA',''),(689,'0604','Lone District','BATAN',''),(690,'0604','Lone District','BURUANGA',''),(691,'0604','Lone District','IBAJAY',''),(692,'0604','Lone District','KALIBO',''),(693,'0604','Lone District','LEZO',''),(694,'0604','Lone District','LIBACAO',''),(695,'0604','Lone District','MADALAG',''),(696,'0604','Lone District','MAKATO',''),(697,'0604','Lone District','MALAY',''),(698,'0604','Lone District','MALINAO',''),(699,'0604','Lone District','NABAS',''),(700,'0604','Lone District','NEW WASHINGTON',''),(701,'0604','Lone District','NUMANCIA',''),(702,'0604','Lone District','TANGALAN',''),(703,'0606','Lone District','ANINI-Y',''),(704,'0606','Lone District','BARBAZA',''),(705,'0606','Lone District','BELISON',''),(706,'0606','Lone District','BUGASONG',''),(707,'0606','Lone District','CALUYA',''),(708,'0606','Lone District','CULASI',''),(709,'0606','Lone District','HAMTIC',''),(710,'0606','Lone District','LAUA-AN',''),(711,'0606','Lone District','LIBERTAD',''),(712,'0606','Lone District','PANDAN',''),(713,'0606','Lone District','PATNONGON',''),(714,'0606','Lone District','SAN JOSE',''),(715,'0606','Lone District','SAN REMIGIO',''),(716,'0606','Lone District','SEBASTE',''),(717,'0606','Lone District','SIBALOM',''),(718,'0606','Lone District','TIBIAO',''),(719,'0606','Lone District','TOBIAS FORNIER (DAO)',''),(720,'0606','Lone District','VALDERRAMA',''),(721,'0619','District 1','MA-AYON',''),(722,'0619','District 1','PANAY',''),(723,'0619','District 1','PANITAN',''),(724,'0619','District 1','PILAR',''),(725,'0619','District 1','PONTEVEDRA',''),(726,'0619','District 1','PRESIDENT ROXAS',''),(727,'0619','District 2','CUARTERO',''),(728,'0619','District 2','DAO',''),(729,'0619','District 2','DUMALAG',''),(730,'0619','District 2','DUMARAO',''),(731,'0619','District 2','IVISAN',''),(732,'0619','District 2','JAMINDAN',''),(733,'0619','District 2','MAMBUSAO',''),(734,'0619','District 2','SAPI-AN',''),(735,'0619','District 2','SIGMA',''),(736,'0619','District 2','TAPAZ',''),(737,'0679','Lone District','BUENAVISTA',''),(738,'0679','Lone District','JORDAN',''),(739,'0679','Lone District','NUEVA VALENCIA',''),(740,'0679','Lone District','SAN LORENZO',''),(741,'0679','Lone District','SIBUNAG',''),(742,'0630','District 1','GUIMBAL','2018028'),(743,'0630','District 1','IGBARAS','2018028'),(744,'0630','District 1','MIAGAO','2018028'),(745,'0630','District 1','OTON','2018028'),(746,'0630','District 1','SAN JOAQUIN','2018028'),(747,'0630','District 1','TIGBAUAN','2018028'),(748,'0630','District 1','TUBUNGAN','2018028'),(749,'0630','District 2','ALIMODIAN','2018028'),(750,'0630','District 2','LEGANES','2018028'),(751,'0630','District 2','LEON','2018028'),(752,'0630','District 2','NEW LUCENA','2018028'),(753,'0630','District 2','PAVIA','2018028'),(754,'0630','District 2','SAN MIGUEL','2018028'),(755,'0630','District 2','SANTA BARBARA','2018028'),(756,'0630','District 2','ZARRAGA','2018028'),(757,'0630','District 3','BADIANGAN','2018028'),(758,'0630','District 3','BINGAWAN','2018028'),(759,'0630','District 3','CABATUAN','2018028'),(760,'0630','District 3','CALINOG','2018028'),(761,'0630','District 3','JANIUAY','2018028'),(762,'0630','District 3','LAMBUNAO','2018028'),(763,'0630','District 3','MAASIN','2018028'),(764,'0630','District 3','MINA','2018028'),(765,'0630','District 3','POTOTAN','2018028'),(766,'0630','District 4','ANILAO','2018029'),(767,'0630','District 4','BANATE','2018029'),(768,'0630','District 4','BAROTAC NUEVO','2018029'),(769,'0630','District 4','DINGLE','2018029'),(770,'0630','District 4','DUE?AS','2018029'),(771,'0630','District 4','DUMANGAS','2018029'),(772,'0630','District 4','SAN ENRIQUE','2018029'),(773,'0630','District 5','AJUY','2018029'),(774,'0630','District 5','BALASAN','2018029'),(775,'0630','District 5','BAROTAC VIEJO','2018029'),(776,'0630','District 5','BATAD','2018029'),(777,'0630','District 5','CARLES','2018029'),(778,'0630','District 5','CONCEPCION','2018029'),(779,'0630','District 5','ESTANCIA','2018029'),(780,'0630','District 5','LEMERY','2018029'),(781,'0630','District 5','SAN DIONISIO','2018029'),(782,'0630','District 5','SAN RAFAEL','2018029'),(783,'0630','District 5','SARA','2018029'),(784,'0645','District 1','CALATRAVA',''),(785,'0645','District 1','SALVADOR BENEDICTO',''),(786,'0645','District 1','TOBOSO',''),(787,'0645','District 2','MANAPLA',''),(788,'0645','District 3','ENRIQUE B. MAGALONA (SARAVIA)',''),(789,'0645','District 3','MURCIA',''),(790,'0645','District 4','PONTEVEDRA',''),(791,'0645','District 4','PULUPANDAN',''),(792,'0645','District 4','SAN ENRIQUE',''),(793,'0645','District 4','VALLADOLID',''),(794,'0645','District 5','BINALBAGAN',''),(795,'0645','District 5','HINIGARAN',''),(796,'0645','District 5','ISABELA',''),(797,'0645','District 5','LA CASTELLANA',''),(798,'0645','District 5','MOISES PADILLA',''),(799,'0645','District 6','CANDONI',''),(800,'0645','District 6','CAUAYAN',''),(801,'0645','District 6','HINOBA-AN (ASIA)',''),(802,'0645','District 6','ILOG',''),(803,'0746','District 1','AYUNGON',''),(804,'0746','District 1','BINDOY (PAYABON)',''),(805,'0746','District 1','JIMALALUD',''),(806,'0746','District 1','LA LIBERTAD',''),(807,'0746','District 1','MANJUYOD',''),(808,'0746','District 1','TAYASAN',''),(809,'0746','District 1','VALLEHERMOSO',''),(810,'0746','District 2','AMLAN (AYUQUITAN)',''),(811,'0746','District 2','MABINAY',''),(812,'0746','District 2','PAMPLONA',''),(813,'0746','District 2','SAN JOSE',''),(814,'0746','District 2','SIBULAN',''),(815,'0746','District 3','BACONG',''),(816,'0746','District 3','BASAY',''),(817,'0746','District 3','DAUIN',''),(818,'0746','District 3','SANTA CATALINA',''),(819,'0746','District 3','SIATON',''),(820,'0746','District 3','VALENCIA',''),(821,'0746','District 3','ZAMBOANGUITA',''),(822,'0712','District 1','ALBURQUERQUE',''),(823,'0712','District 1','ANTEQUERA',''),(824,'0712','District 1','BACLAYON',''),(825,'0712','District 1','BALILIHAN',''),(826,'0712','District 1','CALAPE',''),(827,'0712','District 1','CATIGBIAN',''),(828,'0712','District 1','CORELLA',''),(829,'0712','District 1','CORTES',''),(830,'0712','District 1','DAUIS',''),(831,'0712','District 1','LOON',''),(832,'0712','District 1','MARIBOJOC',''),(833,'0712','District 1','PANGLAO',''),(834,'0712','District 1','SIKATUNA',''),(835,'0712','District 1','TUBIGON',''),(836,'0712','District 2','BIEN UNIDO',''),(837,'0712','District 2','BUENAVISTA',''),(838,'0712','District 2','CLARIN',''),(839,'0712','District 2','DAGOHOY',''),(840,'0712','District 2','DANAO',''),(841,'0712','District 2','INABANGA',''),(842,'0712','District 2','JETAFE',''),(843,'0712','District 2','PRES. CARLOS P. GARCIA (PITOGO)',''),(844,'0712','District 2','SAGBAYAN (BORJA)',''),(845,'0712','District 2','SAN ISIDRO',''),(846,'0712','District 2','SAN MIGUEL',''),(847,'0712','District 2','TALIBON',''),(848,'0712','District 2','TRINIDAD',''),(849,'0712','District 2','UBAY',''),(850,'0712','District 3','ALICIA',''),(851,'0712','District 3','ANDA',''),(852,'0712','District 3','BATUAN',''),(853,'0712','District 3','BILAR',''),(854,'0712','District 3','CANDIJAY',''),(855,'0712','District 3','CARMEN',''),(856,'0712','District 3','DIMIAO',''),(857,'0712','District 3','DUERO',''),(858,'0712','District 3','GARCIA HERNANDEZ',''),(859,'0712','District 3','GUINDULMAN',''),(860,'0712','District 3','JAGNA',''),(861,'0712','District 3','LILA',''),(862,'0712','District 3','LOAY',''),(863,'0712','District 3','LOBOC',''),(864,'0712','District 3','MABINI',''),(865,'0712','District 3','PILAR',''),(866,'0712','District 3','SEVILLA',''),(867,'0712','District 3','SIERRA BULLONES',''),(868,'0712','District 3','VALENCIA',''),(869,'0722','District 1','MINGLANILLA',''),(870,'0722','District 1','SAN FERNANDO',''),(871,'0722','District 1','SIBONGA',''),(872,'0722','District 2','ALCANTARA',''),(873,'0722','District 2','ALCOY',''),(874,'0722','District 2','ALEGRIA',''),(875,'0722','District 2','ARGAO',''),(876,'0722','District 2','BADIAN',''),(877,'0722','District 2','BOLJOON',''),(878,'0722','District 2','DALAGUETE',''),(879,'0722','District 2','DUMANJUG',''),(880,'0722','District 2','GINATILAN',''),(881,'0722','District 2','MALABUYOC',''),(882,'0722','District 2','MOALBOAL',''),(883,'0722','District 2','OSLOB',''),(884,'0722','District 2','RONDA',''),(885,'0722','District 2','SAMBOAN',''),(886,'0722','District 2','SANTANDER',''),(887,'0722','District 3','ALOGUINSAN',''),(888,'0722','District 3','ASTURIAS',''),(889,'0722','District 3','BALAMBAN',''),(890,'0722','District 3','BARILI',''),(891,'0722','District 3','PINAMUNGAHAN',''),(892,'0722','District 3','TUBURAN',''),(893,'0722','District 4','BANTAYAN',''),(894,'0722','District 4','DAANBANTAYAN',''),(895,'0722','District 4','MADRIDEJOS',''),(896,'0722','District 4','MEDELLIN',''),(897,'0722','District 4','SAN REMIGIO',''),(898,'0722','District 4','SANTA FE',''),(899,'0722','District 4','TABOGON',''),(900,'0722','District 4','TABUELAN',''),(901,'0722','District 5','BORBON',''),(902,'0722','District 5','CARMEN',''),(903,'0722','District 5','CATMON',''),(904,'0722','District 5','COMPOSTELA',''),(905,'0722','District 5','LILOAN',''),(906,'0722','District 5','PILAR',''),(907,'0722','District 5','PORO',''),(908,'0722','District 5','SAN FRANCISCO',''),(909,'0722','District 5','SOGOD',''),(910,'0722','District 5','TUDELA',''),(911,'0722','District 6','CONSOLACION',''),(912,'0722','District 6','CORDOBA',''),(913,'0761','Lone District','ENRIQUE VILLANUEVA',''),(914,'0761','Lone District','LARENA',''),(915,'0761','Lone District','LAZI',''),(916,'0761','Lone District','MARIA',''),(917,'0761','Lone District','SAN JUAN',''),(918,'0761','Lone District','SIQUIJOR',''),(919,'0878','Lone District','NAVAL',''),(920,'0878','Lone District','ALMERIA',''),(921,'0878','Lone District','BILIRAN',''),(922,'0878','Lone District','CABUCGAYAN',''),(923,'0878','Lone District','CAIBIRAN',''),(924,'0878','Lone District','CULABA',''),(925,'0878','Lone District','KAWAYAN',''),(926,'0878','Lone District','MARIPIPI',''),(927,'0826','Lone District','ARTECHE',''),(928,'0826','Lone District','BALANGIGA',''),(929,'0826','Lone District','BALANGKAYAN',''),(930,'0826','Lone District','CAN-AVID',''),(931,'0826','Lone District','DOLORES',''),(932,'0826','Lone District','GENERAL MACARTHUR',''),(933,'0826','Lone District','GIPORLOS',''),(934,'0826','Lone District','GUIUAN',''),(935,'0826','Lone District','HERNANI',''),(936,'0826','Lone District','JIPAPAD',''),(937,'0826','Lone District','LAWAAN',''),(938,'0826','Lone District','LLORENTE',''),(939,'0826','Lone District','MASLOG',''),(940,'0826','Lone District','MAYDOLONG',''),(941,'0826','Lone District','MERCEDES',''),(942,'0826','Lone District','ORAS',''),(943,'0826','Lone District','QUINAPONDAN',''),(944,'0826','Lone District','SALCEDO',''),(945,'0826','Lone District','SAN JULIAN',''),(946,'0826','Lone District','SAN POLICARPO',''),(947,'0826','Lone District','SULAT',''),(948,'0826','Lone District','TAFT',''),(949,'0837','District 1','ALANGALANG',''),(950,'0837','District 1','BABATNGON',''),(951,'0837','District 1','PALO',''),(952,'0837','District 1','SAN MIGUEL',''),(953,'0837','District 1','SANTA FE',''),(954,'0837','District 1','TANAUAN',''),(955,'0837','District 1','TOLOSA',''),(956,'0837','District 2','BARUGO',''),(957,'0837','District 2','BURAUEN',''),(958,'0837','District 2','CAPOOCAN',''),(959,'0837','District 2','CARIGARA',''),(960,'0837','District 2','DAGAMI',''),(961,'0837','District 2','DULAG',''),(962,'0837','District 2','JARO',''),(963,'0837','District 2','JULITA',''),(964,'0837','District 2','LA PAZ',''),(965,'0837','District 2','MACARTHUR',''),(966,'0837','District 2','MAYORGA',''),(967,'0837','District 2','PASTRANA',''),(968,'0837','District 2','TABONTABON',''),(969,'0837','District 2','TUNGA',''),(970,'0837','District 3','CALUBIAN',''),(971,'0837','District 3','LEYTE',''),(972,'0837','District 3','SAN ISIDRO',''),(973,'0837','District 3','TABANGO',''),(974,'0837','District 3','VILLABA',''),(975,'0837','District 4','ALBUERA',''),(976,'0837','District 4','ISABEL',''),(977,'0837','District 4','KANANGA',''),(978,'0837','District 4','MATAG-OB',''),(979,'0837','District 4','MERIDA',''),(980,'0837','District 4','PALOMPON',''),(981,'0837','District 5','ABUYOG',''),(982,'0837','District 5','BATO',''),(983,'0837','District 5','HILONGOS',''),(984,'0837','District 5','HINDANG',''),(985,'0837','District 5','INOPACAN',''),(986,'0837','District 5','JAVIER (BUGHO)',''),(987,'0837','District 5','MAHAPLAG',''),(988,'0837','District 5','MATALOM',''),(989,'0848','District 1','CATARMAN',''),(990,'0848','District 1','ALLEN',''),(991,'0848','District 1','BIRI',''),(992,'0848','District 1','BOBON',''),(993,'0848','District 1','CAPUL',''),(994,'0848','District 1','LAVEZARES',''),(995,'0848','District 1','LOPE DE VEGA',''),(996,'0848','District 1','MONDRAGON',''),(997,'0848','District 1','ROSARIO',''),(998,'0848','District 1','SAN ANTONIO',''),(999,'0848','District 1','SAN ISIDRO',''),(1000,'0848','District 1','SAN JOSE',''),(1001,'0848','District 1','SAN VICENTE',''),(1002,'0848','District 1','VICTORIA',''),(1003,'0848','District 2','CATUBIG',''),(1004,'0848','District 2','GAMAY',''),(1005,'0848','District 2','LAOANG',''),(1006,'0848','District 2','LAPINIG',''),(1007,'0848','District 2','LAS NAVAS',''),(1008,'0848','District 2','MAPANAS',''),(1009,'0848','District 2','PALAPAG',''),(1010,'0848','District 2','PAMBUJAN',''),(1011,'0848','District 2','SAN ROQUE',''),(1012,'0848','District 2','SILVINO LOBOS',''),(1013,'0860','District 1','ALMAGRO',''),(1014,'0860','District 1','GANDARA',''),(1015,'0860','District 1','MATUGUINAO',''),(1016,'0860','District 1','PAGSANGHAN',''),(1017,'0860','District 1','SAN JORGE',''),(1018,'0860','District 1','SANTA MARGARITA',''),(1019,'0860','District 1','SANTO NI?O',''),(1020,'0860','District 1','TAGAPUL-AN',''),(1021,'0860','District 1','TARANGNAN',''),(1022,'0860','District 2','BASEY',''),(1023,'0860','District 2','CALBIGA',''),(1024,'0860','District 2','DARAM',''),(1025,'0860','District 2','HINABANGAN',''),(1026,'0860','District 2','JIABONG',''),(1027,'0860','District 2','MARABUT',''),(1028,'0860','District 2','MOTIONG',''),(1029,'0860','District 2','PARANAS (WRIGHT)',''),(1030,'0860','District 2','PINABACDAO',''),(1031,'0860','District 2','SAN JOSE DE BUAN',''),(1032,'0860','District 2','SAN SEBASTIAN',''),(1033,'0860','District 2','SANTA RITA',''),(1034,'0860','District 2','TALALORA',''),(1035,'0860','District 2','VILLAREAL',''),(1036,'0860','District 2','ZUMARRAGA',''),(1037,'0864','Lone District','ANAHAWAN',''),(1038,'0864','Lone District','BONTOC',''),(1039,'0864','Lone District','HINUNANGAN',''),(1040,'0864','Lone District','HINUNDAYAN',''),(1041,'0864','Lone District','LIBAGON',''),(1042,'0864','Lone District','LILOAN',''),(1043,'0864','Lone District','LIMASAWA',''),(1044,'0864','Lone District','MACROHON',''),(1045,'0864','Lone District','MALITBOG',''),(1046,'0864','Lone District','PADRE BURGOS',''),(1047,'0864','Lone District','PINTUYAN',''),(1048,'0864','Lone District','SAINT BERNARD',''),(1049,'0864','Lone District','SAN FRANCISCO',''),(1050,'0864','Lone District','SAN JUAN (CABALIAN)',''),(1051,'0864','Lone District','SAN RICARDO',''),(1052,'0864','Lone District','SILAGO',''),(1053,'0864','Lone District','SOGOD',''),(1054,'0864','Lone District','TOMAS OPPUS',''),(1055,'0972','District 1','LA LIBERTAD',''),(1056,'0972','District 1','MUTIA',''),(1057,'0972','District 1','PI?AN (NEW PI?AN)',''),(1058,'0972','District 1','POLANCO',''),(1059,'0972','District 1','RIZAL',''),(1060,'0972','District 1','SERGIO OSME?A SR.',''),(1061,'0972','District 1','SIBUTAD',''),(1062,'0972','District 2','JOSE DALMAN (PONOT)',''),(1063,'0972','District 2','KATIPUNAN',''),(1064,'0972','District 2','MANUKAN',''),(1065,'0972','District 2','PRES. MANUEL A. ROXAS',''),(1066,'0972','District 2','SIAYAN',''),(1067,'0972','District 2','SINDANGAN',''),(1068,'0972','District 3','BACUNGAN (LEON T. POSTIGO)',''),(1069,'0972','District 3','BALIGUIAN',''),(1070,'0972','District 3','GODOD',''),(1071,'0972','District 3','GUTALAC',''),(1072,'0972','District 3','KALAWIT',''),(1073,'0972','District 3','LABASON',''),(1074,'0972','District 3','LILOY',''),(1075,'0972','District 3','SALUG',''),(1076,'0972','District 3','SIBUCO',''),(1077,'0972','District 3','SIOCON',''),(1078,'0972','District 3','SIRAWAI',''),(1079,'0972','District 3','TAMPILISAN',''),(1080,'0973','District 1','AURORA',''),(1081,'0973','District 1','DUMINGAG',''),(1082,'0973','District 1','JOSEFINA',''),(1083,'0973','District 1','LABANGAN',''),(1084,'0973','District 1','MAHAYAG',''),(1085,'0973','District 1','MIDSALIP',''),(1086,'0973','District 1','MOLAVE',''),(1087,'0973','District 1','RAMON MAGSAYSAY (LIARGO)',''),(1088,'0973','District 1','SOMINOT (DON MARIANO MARCOS)',''),(1089,'0973','District 1','TAMBULIG',''),(1090,'0973','District 1','TUKURAN',''),(1091,'0973','District 2','BAYOG',''),(1092,'0973','District 2','DIMATALING',''),(1093,'0973','District 2','DINAS',''),(1094,'0973','District 2','DUMALINAO',''),(1095,'0973','District 2','GUIPOS',''),(1096,'0973','District 2','KUMALARANG',''),(1097,'0973','District 2','LAKEWOOD',''),(1098,'0973','District 2','LAPUYAN',''),(1099,'0973','District 2','MARGOSATUBIG',''),(1100,'0973','District 2','PITOGO',''),(1101,'0973','District 2','SAN MIGUEL',''),(1102,'0973','District 2','SAN PABLO',''),(1103,'0973','District 2','TABINA',''),(1104,'0973','District 2','TIGBAO',''),(1105,'0973','District 2','VINCENZO A. SAGUN',''),(1106,'0983','District 1','ALICIA',''),(1107,'0983','District 1','BUUG',''),(1108,'0983','District 1','DIPLAHAN',''),(1109,'0983','District 1','IMELDA',''),(1110,'0983','District 1','MABUHAY',''),(1111,'0983','District 1','MALANGAS',''),(1112,'0983','District 1','OLUTANGA',''),(1113,'0983','District 1','PAYAO',''),(1114,'0983','District 1','TALUSAN',''),(1115,'0983','District 2','IPIL',''),(1116,'0983','District 2','KABASALAN',''),(1117,'0983','District 2','NAGA',''),(1118,'0983','District 2','ROSELLER LIM',''),(1119,'0983','District 2','SIAY',''),(1120,'0983','District 2','TITAY',''),(1121,'0983','District 2','TUNGAWAN',''),(1122,'1013','District 1','BAUNGON',''),(1123,'1013','District 1','LIBONA',''),(1124,'1013','District 1','MALITBOG',''),(1125,'1013','District 1','MANOLO FORTICH',''),(1126,'1013','District 1','SUMILAO',''),(1127,'1013','District 1','TALAKAG',''),(1128,'1013','District 2','CABANGLASAN',''),(1129,'1013','District 2','IMPASUG-ONG',''),(1130,'1013','District 2','LANTAPAN',''),(1131,'1013','District 2','SAN FERNANDO',''),(1132,'1013','District 3','DAMULOG',''),(1133,'1013','District 3','DANGCAGAN',''),(1134,'1013','District 3','DON CARLOS',''),(1135,'1013','District 3','KADINGILAN',''),(1136,'1013','District 3','KIBAWE',''),(1137,'1013','District 3','KITAOTAO',''),(1138,'1013','District 3','MARAMAG',''),(1139,'1013','District 3','QUEZON',''),(1140,'1013','District 4','KALILANGAN',''),(1141,'1013','District 4','PANGANTUCAN',''),(1142,'1018','Lone District','CATARMAN',''),(1143,'1018','Lone District','GUINSILIBAN',''),(1144,'1018','Lone District','MAHINOG',''),(1145,'1018','Lone District','MAMBAJAO',''),(1146,'1018','Lone District','SAGAY',''),(1147,'1035','District 1','TUBOD',''),(1148,'1035','District 1','BACOLOD',''),(1149,'1035','District 1','BALOI',''),(1150,'1035','District 1','BAROY',''),(1151,'1035','District 1','KAUSWAGAN',''),(1152,'1035','District 1','KOLAMBUGAN',''),(1153,'1035','District 1','LINAMON',''),(1154,'1035','District 1','MAIGO',''),(1155,'1035','District 1','MATUNGAO',''),(1156,'1035','District 1','PANTAR',''),(1157,'1035','District 1','TAGOLOAN',''),(1158,'1035','District 2','KAPATAGAN',''),(1159,'1035','District 2','LALA',''),(1160,'1035','District 2','MAGSAYSAY',''),(1161,'1035','District 2','MUNAI',''),(1162,'1035','District 2','NUNUNGAN',''),(1163,'1035','District 2','PANTAO RAGAT',''),(1164,'1035','District 2','POONA PIAGAPO',''),(1165,'1035','District 2','SALVADOR',''),(1166,'1035','District 2','SAPAD',''),(1167,'1035','District 2','SULTAN NAGA DIMAPORO (KAROMATAN)',''),(1168,'1035','District 2','TANGCAL',''),(1169,'1042','District 1','ALORAN',''),(1170,'1042','District 1','BALIANGAO',''),(1171,'1042','District 1','CALAMBA',''),(1172,'1042','District 1','CONCEPCION',''),(1173,'1042','District 1','JIMENEZ',''),(1174,'1042','District 1','LOPEZ JAENA',''),(1175,'1042','District 1','PANAON',''),(1176,'1042','District 1','PLARIDEL',''),(1177,'1042','District 1','SAPANG DALAGA',''),(1178,'1042','District 2','BONIFACIO',''),(1179,'1042','District 2','CLARIN',''),(1180,'1042','District 2','DON VICTORIANO CHIONGBIAN (DON MARIANO MARCOS)',''),(1181,'1042','District 2','SINACABAN',''),(1182,'1042','District 2','TUDELA',''),(1183,'1043','District 1','BALINGASAG',''),(1184,'1043','District 1','BALINGOAN',''),(1185,'1043','District 1','BINUANGAN',''),(1186,'1043','District 1','KINOGUITAN',''),(1187,'1043','District 1','LAGONGLONG',''),(1188,'1043','District 1','MAGSAYSAY (LINUGOS)',''),(1189,'1043','District 1','MEDINA',''),(1190,'1043','District 1','SALAY',''),(1191,'1043','District 1','SUGBONGCOGON',''),(1192,'1043','District 1','TALISAYAN',''),(1193,'1043','District 2','ALUBIJID',''),(1194,'1043','District 2','CLAVERIA',''),(1195,'1043','District 2','GITAGUM',''),(1196,'1043','District 2','INITAO',''),(1197,'1043','District 2','JASAAN',''),(1198,'1043','District 2','LAGUINDINGAN',''),(1199,'1043','District 2','LIBERTAD',''),(1200,'1043','District 2','LUGAIT',''),(1201,'1043','District 2','MANTICAO',''),(1202,'1043','District 2','NAAWAN',''),(1203,'1043','District 2','OPOL',''),(1204,'1043','District 2','TAGOLOAN',''),(1205,'1043','District 2','VILLANUEVA',''),(1206,'1182','District 1','COMPOSTELA',''),(1207,'1182','District 1','MARAGUSAN (SAN MARIANO)',''),(1208,'1182','District 1','MONKAYO',''),(1209,'1182','District 1','MONTEVISTA',''),(1210,'1182','District 1','NEW BATAAN',''),(1211,'1182','District 2','NABUNTURAN',''),(1212,'1182','District 2','LAAK (SAN VICENTE)',''),(1213,'1182','District 2','MABINI (DO?A ALICIA)',''),(1214,'1182','District 2','MACO',''),(1215,'1182','District 2','MAWAB',''),(1216,'1182','District 2','PANTUKAN',''),(1217,'1123','District 1','ASUNCION (SAUG)',''),(1218,'1123','District 1','KAPALONG',''),(1219,'1123','District 1','NEW CORELLA',''),(1220,'1123','District 1','SAN ISIDRO',''),(1221,'1123','District 1','TALAINGOD',''),(1222,'1123','District 2','BRAULIO E. DUJALI',''),(1223,'1123','District 2','CARMEN',''),(1224,'1123','District 2','SANTO TOMAS',''),(1225,'1124','Lone District','BANSALAN',''),(1226,'1124','Lone District','HAGONOY',''),(1227,'1124','Lone District','KIBLAWAN',''),(1228,'1124','Lone District','MAGSAYSAY',''),(1229,'1124','Lone District','MALALAG',''),(1230,'1124','Lone District','MATANAO',''),(1231,'1124','Lone District','PADADA',''),(1232,'1124','Lone District','SANTA CRUZ',''),(1233,'1124','Lone District','SULOP',''),(1234,'1186','Lone District','DON MARCELINO',''),(1235,'1186','Lone District','JOSE ABAD SANTOS (TRINIDAD)',''),(1236,'1186','Lone District','MALITA',''),(1237,'1186','Lone District','SANTA MARIA',''),(1238,'1186','Lone District','SARANGANI',''),(1239,'1125','District 1','BAGANGA',''),(1240,'1125','District 1','BOSTON',''),(1241,'1125','District 1','CARAGA',''),(1242,'1125','District 1','CATEEL',''),(1243,'1125','District 1','MANAY',''),(1244,'1125','District 1','TARRAGONA',''),(1245,'1125','District 2','BANAYBANAY',''),(1246,'1125','District 2','GOVERNOR GENEROSO',''),(1247,'1125','District 2','LUPON',''),(1248,'1125','District 2','SAN ISIDRO',''),(1249,'1247','District 1','ALAMADA',''),(1250,'1247','District 1','ALEOSAN',''),(1251,'1247','District 1','LIBUNGAN',''),(1252,'1247','District 1','MIDSAYAP',''),(1253,'1247','District 1','PIGKAWAYAN',''),(1254,'1247','District 1','PIKIT',''),(1255,'1247','District 2','ANTIPAS',''),(1256,'1247','District 2','ARAKAN',''),(1257,'1247','District 2','MAGPET',''),(1258,'1247','District 2','MAKILALA',''),(1259,'1247','District 2','PRESIDENT ROXAS',''),(1260,'1247','District 3','BANISILAN',''),(1261,'1247','District 3','CARMEN',''),(1262,'1247','District 3','KABACAN',''),(1263,'1247','District 3','MATALAM',''),(1264,'1247','District 3','M\'LANG',''),(1265,'1247','District 3','TULUNAN',''),(1266,'1280','Lone District','ALABEL',''),(1267,'1280','Lone District','GLAN',''),(1268,'1280','Lone District','KIAMBA',''),(1269,'1280','Lone District','MAASIM',''),(1270,'1280','Lone District','MAITUM',''),(1271,'1280','Lone District','MALAPATAN',''),(1272,'1280','Lone District','MALUNGON',''),(1273,'1263','District 1','POLOMOLOK',''),(1274,'1263','District 1','TAMPAKAN',''),(1275,'1263','District 1','TUPI',''),(1276,'1263','District 2','BANGA',''),(1277,'1263','District 2','LAKE SEBU',''),(1278,'1263','District 2','NORALA',''),(1279,'1263','District 2','SANTO NI?O',''),(1280,'1263','District 2','SURALLAH',''),(1281,'1263','District 2','T\'BOLI',''),(1282,'1263','District 2','TANTANGAN',''),(1283,'1265','District 1','COLUMBIO',''),(1284,'1265','District 1','ISULAN',''),(1285,'1265','District 1','LAMBAYONG (MARIANO MARCOS)',''),(1286,'1265','District 1','LUTAYAN',''),(1287,'1265','District 1','PRESIDENT QUIRINO',''),(1288,'1265','District 2','BAGUMBAYAN',''),(1289,'1265','District 2','ESPERANZA',''),(1290,'1265','District 2','KALAMANSIG',''),(1291,'1265','District 2','LEBAK',''),(1292,'1265','District 2','PALIMBANG',''),(1293,'1265','District 2','SEN. NINOY AQUINO',''),(1294,'1602','District 1','LAS NIEVES',''),(1295,'1602','District 2','BUENAVISTA',''),(1296,'1602','District 2','CARMEN',''),(1297,'1602','District 2','JABONGA',''),(1298,'1602','District 2','KITCHARAO',''),(1299,'1602','District 2','MAGALLANES',''),(1300,'1602','District 2','NASIPIT',''),(1301,'1602','District 2','REMEDIOS T. ROMUALDEZ',''),(1302,'1602','District 2','SANTIAGO',''),(1303,'1602','District 2','TUBAY',''),(1304,'1603','District 1','PROSPERIDAD',''),(1305,'1603','District 1','ESPERANZA',''),(1306,'1603','District 1','SAN LUIS',''),(1307,'1603','District 1','SIBAGAT',''),(1308,'1603','District 1','TALACOGON',''),(1309,'1603','District 2','BUNAWAN',''),(1310,'1603','District 2','LA PAZ',''),(1311,'1603','District 2','LORETO',''),(1312,'1603','District 2','ROSARIO',''),(1313,'1603','District 2','SAN FRANCISCO',''),(1314,'1603','District 2','SANTA JOSEFA',''),(1315,'1603','District 2','TRENTO',''),(1316,'1603','District 2','VERUELA',''),(1317,'1667','District 1','BURGOS',''),(1318,'1667','District 1','DAPA',''),(1319,'1667','District 1','DEL CARMEN',''),(1320,'1667','District 1','GENERAL LUNA',''),(1321,'1667','District 1','PILAR',''),(1322,'1667','District 1','SAN BENITO',''),(1323,'1667','District 1','SAN ISIDRO',''),(1324,'1667','District 1','SANTA MONICA (SAPAO)',''),(1325,'1667','District 1','SOCORRO',''),(1326,'1667','District 2','ALEGRIA',''),(1327,'1667','District 2','BACUAG',''),(1328,'1667','District 2','CLAVER',''),(1329,'1667','District 2','GIGAQUIT',''),(1330,'1667','District 2','MAINIT',''),(1331,'1667','District 2','MALIMONO',''),(1332,'1667','District 2','PLACER',''),(1333,'1667','District 2','SAN FRANCISCO (ANAO-AON)',''),(1334,'1667','District 2','SISON',''),(1335,'1667','District 2','TAGANA-AN',''),(1336,'1667','District 2','TUBOD',''),(1337,'1668','District 1','BAYABAS',''),(1338,'1668','District 1','CAGWAIT',''),(1339,'1668','District 1','CANTILAN',''),(1340,'1668','District 1','CARMEN',''),(1341,'1668','District 1','CARRASCAL',''),(1342,'1668','District 1','CORTES',''),(1343,'1668','District 1','LANUZA',''),(1344,'1668','District 1','LIANGA',''),(1345,'1668','District 1','MADRID',''),(1346,'1668','District 1','MARIHATAG',''),(1347,'1668','District 1','SAN AGUSTIN',''),(1348,'1668','District 1','SAN MIGUEL',''),(1349,'1668','District 1','TAGO',''),(1350,'1668','District 2','BAROBO',''),(1351,'1668','District 2','HINATUAN',''),(1352,'1668','District 2','LINGIG',''),(1353,'1668','District 2','TAGBINA',''),(1354,'1685','Lone District','BASILISA (RIZAL)',''),(1355,'1685','Lone District','CAGDIANAO',''),(1356,'1685','Lone District','DINAGAT',''),(1357,'1685','Lone District','LIBJO (ALBOR)',''),(1358,'1685','Lone District','LORETO',''),(1359,'1685','Lone District','SAN JOSE',''),(1360,'1685','Lone District','TUBAJON',''),(1361,'1507','Lone District','AKBAR',''),(1362,'1507','Lone District','AL-BARKA',''),(1363,'1507','Lone District','HADJI MOHAMMAD AJUL',''),(1364,'1507','Lone District','HADJI MUHTAMAD',''),(1365,'1507','Lone District','LANTAWAN',''),(1366,'1507','Lone District','MALUSO',''),(1367,'1507','Lone District','SUMISIP',''),(1368,'1507','Lone District','TABUAN-LASA',''),(1369,'1507','Lone District','TIPO-TIPO',''),(1370,'1507','Lone District','TUBURAN',''),(1371,'1507','Lone District','UNGKAYA PUKAN',''),(1372,'1536','District 1','BUADIPOSO-BUNTONG',''),(1373,'1536','District 1','BUBONG',''),(1374,'1536','District 1','BUMBARAN',''),(1375,'1536','District 1','DITSAAN-RAMAIN',''),(1376,'1536','District 1','KAPAI',''),(1377,'1536','District 1','LUMBA-BAYABAO (MAGUING)',''),(1378,'1536','District 1','MAGUING',''),(1379,'1536','District 1','MARANTAO',''),(1380,'1536','District 1','MASIU',''),(1381,'1536','District 1','MULONDO',''),(1382,'1536','District 1','PIAGAPO',''),(1383,'1536','District 1','POONA BAYABAO (GATA)',''),(1384,'1536','District 1','SAGUIARAN',''),(1385,'1536','District 1','TAGOLOAN II',''),(1386,'1536','District 1','TAMPARAN',''),(1387,'1536','District 1','TARAKA',''),(1388,'1536','District 1','WAO',''),(1389,'1536','District 2','BACOLOD-KALAWI (BACOLOD GRANDE)',''),(1390,'1536','District 2','BALABAGAN',''),(1391,'1536','District 2','BALINDONG (WATU)',''),(1392,'1536','District 2','BAYANG',''),(1393,'1536','District 2','BINIDAYAN',''),(1394,'1536','District 2','BUTIG',''),(1395,'1536','District 2','CALANOGAS',''),(1396,'1536','District 2','GANASSI',''),(1397,'1536','District 2','KAPATAGAN',''),(1398,'1536','District 2','LUMBACA-UNAYAN',''),(1399,'1536','District 2','LUMBATAN',''),(1400,'1536','District 2','LUMBAYANAGUE',''),(1401,'1536','District 2','MADALUM',''),(1402,'1536','District 2','MADAMBA',''),(1403,'1536','District 2','MALABANG',''),(1404,'1536','District 2','MAROGONG',''),(1405,'1536','District 2','PAGAYAWAN (TATARIKAN)',''),(1406,'1536','District 2','PUALAS',''),(1407,'1536','District 2','SULTAN DUMALONDONG',''),(1408,'1536','District 2','PICONG (SULTAN GUMANDER)',''),(1409,'1536','District 2','TUBARAN',''),(1410,'1536','District 2','TUGAYA',''),(1411,'1538','District 2','BARIRA',''),(1412,'1538','District 2','BULDON',''),(1413,'1538','District 2','DATU BLAH T. SINSUAT',''),(1414,'1538','District 2','DATU ODIN SINSUAT (DINAIG)',''),(1415,'1538','District 2','KABUNTALAN (TUMBAO)',''),(1416,'1538','District 2','MATANOG',''),(1417,'1538','District 2','NORTHERN KABUNTALAN',''),(1418,'1538','District 2','PARANG',''),(1419,'1538','District 2','SULTAN KUDARAT (NULING)',''),(1420,'1538','District 2','SULTAN MASTURA',''),(1421,'1538','District 2','UPI',''),(1422,'1538','District 2','AMPATUAN',''),(1423,'1538','District 2','BULUAN',''),(1424,'1538','District 2','DATU ABDULLAH SANGKI',''),(1425,'1538','District 2','DATU ANGGAL MIDTIMBANG',''),(1426,'1538','District 2','DATU HOFFER AMPATUAN',''),(1427,'1538','District 2','DATU PAGLAS',''),(1428,'1538','District 2','DATU PIANG',''),(1429,'1538','District 2','DATU SALIBO',''),(1430,'1538','District 2','DATU SAUDI-AMPATUAN',''),(1431,'1538','District 2','DATU UNSAY',''),(1432,'1538','District 2','GEN. S.K. PENDATUN',''),(1433,'1538','District 2','GUINDULUNGAN',''),(1434,'1538','District 2','MAMASAPANO',''),(1435,'1538','District 2','MANGUDADATU',''),(1436,'1538','District 2','PAGAGAWAN',''),(1437,'1538','District 2','PAGALUNGAN',''),(1438,'1538','District 2','PAGLAT',''),(1439,'1538','District 2','PANDAG',''),(1440,'1538','District 2','RAJAH BUAYAN',''),(1441,'1538','District 2','SHARIFF AGUAK (MAGANOY)',''),(1442,'1538','District 2','SHARIFF SAYDONA MUSTAPHA',''),(1443,'1538','District 2','SOUTH UPI',''),(1444,'1538','District 2','SULTAN SA BARONGIS (LAMBAYONG)',''),(1445,'1538','District 2','TALAYAN',''),(1446,'1538','District 2','TALITAY',''),(1447,'1566','District 1','JOLO',''),(1448,'1566','District 1','HADJI PANGLIMA TAHIL (MARUNGGAS)',''),(1449,'1566','District 1','INDANAN',''),(1450,'1566','District 1','MAIMBUNG',''),(1451,'1566','District 1','PANGUTARAN',''),(1452,'1566','District 1','PARANG',''),(1453,'1566','District 1','PATIKUL',''),(1454,'1566','District 1','TALIPAO',''),(1455,'1566','District 2','KALINGALAN CALUANG',''),(1456,'1566','District 2','LUGUS',''),(1457,'1566','District 2','LUUK',''),(1458,'1566','District 2','OLD PANAMAO',''),(1459,'1566','District 2','OMAR',''),(1460,'1566','District 2','PANDAMI',''),(1461,'1566','District 2','PANGLIMA ESTINO (NEW PANAMAO)',''),(1462,'1566','District 2','PATA',''),(1463,'1566','District 2','SIASI',''),(1464,'1566','District 2','TAPUL',''),(1465,'1566','District 2','TONGKIL (BANGUINGUI)',''),(1466,'1570','Lone District','BONGAO',''),(1467,'1570','Lone District','LANGUYAN',''),(1468,'1570','Lone District','MAPUN (CAGAYAN DE TAWI-TAWI)',''),(1469,'1570','Lone District','PANGLIMA SUGALA (BALIMBING)',''),(1470,'1570','Lone District','SAPA-SAPA',''),(1471,'1570','Lone District','SIBUTU',''),(1472,'1570','Lone District','SIMUNUL',''),(1473,'1570','Lone District','SITANGKAI',''),(1474,'1570','Lone District','SOUTH UBIAN',''),(1475,'1570','Lone District','TANDUBAS',''),(1476,'1570','Lone District','TURTLE ISLANDS',''),(1477,'0308','District 1','ABUCAY',''),(1478,'0308','District 1','DINALUPIHAN',''),(1479,'0308','District 1','HERMOSA',''),(1480,'0308','District 1','MORONG',''),(1481,'0308','District 1','ORANI',''),(1482,'0308','District 1','SAMAL',''),(1483,'0308','District 2','BAGAC',''),(1484,'0308','District 2','LIMAY',''),(1485,'0308','District 2','MARIVELES',''),(1486,'0308','District 2','ORION',''),(1487,'0308','District 2','PILAR','');
/*!40000 ALTER TABLE `municipality` ENABLE KEYS */;
UNLOCK TABLES;

--
-- Table structure for table `password_resets`
--

DROP TABLE IF EXISTS `password_resets`;
/*!40101 SET @saved_cs_client     = @@character_set_client */;
/*!40101 SET character_set_client = utf8 */;
CREATE TABLE `password_resets` (
  `email` varchar(191) COLLATE utf8mb4_unicode_ci NOT NULL,
  `token` varchar(191) COLLATE utf8mb4_unicode_ci NOT NULL,
  `created_at` timestamp NULL DEFAULT NULL,
  KEY `password_resets_email_index` (`email`)
) ENGINE=InnoDB DEFAULT CHARSET=utf8mb4 COLLATE=utf8mb4_unicode_ci;
/*!40101 SET character_set_client = @saved_cs_client */;

--
-- Dumping data for table `password_resets`
--

LOCK TABLES `password_resets` WRITE;
/*!40000 ALTER TABLE `password_resets` DISABLE KEYS */;
/*!40000 ALTER TABLE `password_resets` ENABLE KEYS */;
UNLOCK TABLES;

--
-- Table structure for table `province`
--

DROP TABLE IF EXISTS `province`;
/*!40101 SET @saved_cs_client     = @@character_set_client */;
/*!40101 SET character_set_client = utf8 */;
CREATE TABLE `province` (
  `id` int(11) NOT NULL AUTO_INCREMENT,
  `region` varchar(10) NOT NULL,
  `province_code` varchar(20) DEFAULT NULL,
  `lgu` varchar(150) DEFAULT NULL,
  `type` varchar(20) DEFAULT NULL,
  `lec` varchar(20) DEFAULT NULL,
  PRIMARY KEY (`id`)
) ENGINE=InnoDB AUTO_INCREMENT=122 DEFAULT CHARSET=utf8;
/*!40101 SET character_set_client = @saved_cs_client */;

--
-- Dumping data for table `province`
--

LOCK TABLES `province` WRITE;
/*!40000 ALTER TABLE `province` DISABLE KEYS */;
INSERT INTO `province` VALUES (1,'I','155-01','DAGUPAN','ICC',NULL),(2,'I','0128','ILOCOS NORTE','PROVINCE',NULL),(3,'I','0129','ILOCOS SUR','PROVINCE',NULL),(4,'I','0133','LA UNION','PROVINCE','2018003'),(5,'I','0155','PANGASINAN','PROVINCE',NULL),(6,'II','0209','BATANES','PROVINCE','2018006'),(7,'II','0215','CAGAYAN','PROVINCE','2018000'),(8,'II','0231','ISABELA','PROVINCE','2018000'),(9,'II','0250','NUEVA VIZCAYA','PROVINCE','2018000'),(10,'II','0257','QUIRINO','PROVINCE','2018008'),(11,'II','0231-01','SANTIAGO','ICC',NULL),(12,'III','0354-01','ANGELES','HUC',NULL),(13,'III','0377','AURORA','PROVINCE','2018000'),(14,'III','0308','BATAAN','PROVINCE','2018000'),(15,'III','0314','BULACAN','PROVINCE','2018000'),(16,'III','0349','NUEVA ECIJA','PROVINCE','2018000'),(17,'III','0371-01','OLONGAPO','HUC',NULL),(18,'III','0354','PAMPANGA','PROVINCE',NULL),(19,'III','0369','TARLAC','PROVINCE','2018011'),(20,'III','0371','ZAMBALES','PROVINCE',NULL),(21,'IV-A','0458-01','ANTIPOLO CITY','HUC',NULL),(22,'IV-A','0410','BATANGAS','PROVINCE','2018000'),(23,'IV-A','0421','CAVITE','PROVINCE','2018018'),(24,'IV-A','0434','LAGUNA','PROVINCE','2018000'),(25,'IV-A','0456-01','LUCENA','HUC',NULL),(26,'IV-A','0456','QUEZON','PROVINCE','2018019'),(27,'IV-A','0458','RIZAL','PROVINCE','2018000'),(28,'IV-B','1740','MARINDUQUE','PROVINCE','2018020'),(29,'IV-B','1751','OCCIDENTAL MINDORO','PROVINCE','2018021'),(30,'IV-B','1752','ORIENTAL MINDORO','PROVINCE','2018022'),(31,'IV-B','1753','PALAWAN','PROVINCE','2018000'),(32,'IV-B','1753-01','PUERTO PRINCESA','HUC',NULL),(33,'IV-B','1759','ROMBLON','PROVINCE','2018023'),(34,'V','0505','ALBAY','PROVINCE',NULL),(35,'V','0516','CAMARINES NORTE','PROVINCE','2018024'),(36,'V','0517','CAMARINES SUR','PROVINCE','2018024'),(37,'V','0520','CATANDUANES','PROVINCE','2018024'),(38,'V','0541','MASBATE','PROVINCE','2018024'),(39,'V','0517-01','NAGA','ICC','2018024'),(40,'V','0562','SORSOGON','PROVINCE','2018024'),(41,'VI','0604','AKLAN','PROVINCE','2018000'),(42,'VI','0606','ANTIQUE','PROVINCE','2018000'),(43,'VI','0619','CAPIZ','PROVINCE','2018027'),(44,'VI','0679','GUIMARAS','PROVINCE','2018000'),(45,'VI','0630','ILOILO','PROVINCE',NULL),(46,'VI','0630-01','ILOILO CITY','HUC',NULL),(47,'VII','0712','BOHOL','PROVINCE','2018031'),(48,'VII','0722','CEBU','PROVINCE','2018032'),(49,'VII','0722-01','CEBU CITY','HUC','2018000'),(50,'VII','0722-02','LAPU-LAPU','HUC','2018000'),(51,'VII','0722-03','MANDAUE','HUC','2018000'),(52,'VII','0761','SIQUIJOR','PROVINCE','2018000'),(53,'VIII','0878','BILIRAN','PROVINCE',NULL),(54,'VIII','0826','EASTERN SAMAR','PROVINCE','2018034'),(55,'VIII','0837','LEYTE','PROVINCE','2018000'),(56,'VIII','0848','NORTHERN SAMAR','PROVINCE','2018035'),(57,'VIII','0837-01','ORMOC','ICC',NULL),(58,'VIII','0860','SAMAR','PROVINCE','2018036'),(59,'VIII','0864','SOUTHERN LEYTE','PROVINCE','2018000'),(60,'VIII','0837-01','TACLOBAN','HUC',NULL),(61,'IX','0984','ZAMBOANGA CITY','HUC','2018037'),(62,'IX','0972','ZAMBOANGA DEL NORTE','PROVINCE','2018036'),(63,'IX','0973','ZAMBOANGA DEL SUR','PROVINCE','2018039'),(64,'IX','0983','ZAMBOANGA SIBUGAY','PROVINCE','2018000'),(65,'X','1013','BUKIDNON','PROVINCE','2018000'),(66,'X','1043-01','CAGAYAN DE ORO','HUC','2018000'),(67,'X','1018','CAMIGUIN','PROVINCE','2018000'),(68,'X','1035-01','ILIGAN','HUC',NULL),(69,'X','1035','LANAO DEL NORTE','PROVINCE','2018041'),(70,'X','1042','MISAMIS OCCIDENTAL','PROVINCE','2018042'),(71,'X','1043','MISAMIS ORIENTAL','PROVINCE','2018000'),(72,'XI','1182','COMPOSTELA VALLEY','PROVINCE',NULL),(73,'XI','1298','DAVAO CITY','HUC','2018000'),(74,'XI','1123','DAVAO DEL NORTE','PROVINCE','2018000'),(75,'XI','1124','DAVAO DEL SUR','PROVINCE','2018000'),(76,'XI','1186','DAVAO OCCIDENTAL','PROVINCE','2018000'),(77,'XI','1125','DAVAO ORIENTAL','PROVINCE','2018000'),(78,'XII','1538-01','COTABATO CITY','ICC','2018000'),(79,'XII','1263-01','GENERAL SANTOS','HUC',NULL),(80,'XII','1247','NORTH COTABATO','PROVINCE','2018000'),(81,'XII','1280','SARANGANI','PROVINCE','2018000'),(82,'XII','1263','SOUTH COTABATO','PROVINCE','2018000'),(83,'XII','1265','SULTAN KUDARAT','PROVINCE','2018000'),(84,'XIII','1602','AGUSAN DEL NORTE','PROVINCE','2018043'),(85,'XIII','1603','AGUSAN DEL SUR','PROVINCE','2018000'),(86,'XIII','1602-01','BUTUAN','HUC',NULL),(87,'XIII','1685','DINAGAT ISLANDS','PROVINCE','2018044'),(88,'XIII','1667','SURIGAO DEL NORTE','PROVINCE','2018000'),(89,'XIII','1668','SURIGAO DEL SUR','PROVINCE','2018000'),(90,'XVIII','0645-01','BACOLOD','HUC',NULL),(91,'XVIII','0645','NEGROS OCCIDENTAL','PROVINCE','2018030'),(92,'XVIII','0746','NEGROS ORIENTAL','PROVINCE','2018033'),(93,'ARMM','1507','BASILAN','PROVINCE','2018046'),(94,'ARMM','1536','LANAO DEL SUR','PROVINCE','2018045'),(95,'ARMM','1538','MAGUINDANAO','PROVINCE','2018000'),(96,'ARMM','1566','SULU','PROVINCE','2018000'),(97,'ARMM','1570','TAWI-TAWI','PROVINCE','2018000'),(98,'CAR','1401','ABRA','PROVINCE','2018001'),(99,'CAR','1481','APAYAO','PROVINCE','2018001'),(100,'CAR','1411-01','BAGUIO','HUC','2018001'),(101,'CAR','1411','BENGUET','PROVINCE','2018001'),(102,'CAR','1427','IFUGAO','PROVINCE','2018001'),(103,'CAR','1432','KALINGA','PROVINCE','2018000'),(104,'CAR','1444','MOUNTAIN PROVINCE','PROVINCE','2018002'),(105,'NCR','1374-01','CALOOCAN','HUC','2018012'),(106,'NCR','1374-02','LAS PIÑAS','HUC','2018000'),(107,'NCR','1374-03','MAKATI','HUC','2018000'),(108,'NCR','1374-04','MALABON','HUC','2018013'),(109,'NCR','1374-05','MANDALUYONG','HUC','2018000'),(110,'NCR','1374-06','MANILA','HUC','2018000'),(111,'NCR','1374-07','MARIKINA','HUC','2018015'),(112,'NCR','1374-08','MUNTINLUPA','HUC','2018017'),(113,'NCR','1374-09','NAVOTAS','HUC','2018000'),(114,'NCR','1374-10','PARAÑAQUE','HUC','2018000'),(115,'NCR','1374-11','PASAY','HUC','2018000'),(116,'NCR','1374-12','PASIG','HUC','2018000'),(117,'NCR','1374-13','PATEROS','HUC','2018000'),(118,'NCR','1374-14','QUEZON CITY','HUC','2018016'),(119,'NCR','1374-15','SAN JUAN','HUC',NULL),(120,'NCR','1374-16','TAGUIG','HUC','2018000'),(121,'NCR','1374-17','VALENZUELA','HUC','2018014');
/*!40000 ALTER TABLE `province` ENABLE KEYS */;
UNLOCK TABLES;

--
-- Table structure for table `users`
--

DROP TABLE IF EXISTS `users`;
/*!40101 SET @saved_cs_client     = @@character_set_client */;
/*!40101 SET character_set_client = utf8 */;
CREATE TABLE `users` (
  `id` int(10) unsigned NOT NULL AUTO_INCREMENT,
  `name` varchar(191) COLLATE utf8mb4_unicode_ci NOT NULL,
  `email` varchar(191) COLLATE utf8mb4_unicode_ci NOT NULL,
  `email_verified_at` timestamp NULL DEFAULT NULL,
  `password` varchar(191) COLLATE utf8mb4_unicode_ci NOT NULL,
  `isAdmin` tinyint(1) DEFAULT NULL,
  `remember_token` varchar(100) COLLATE utf8mb4_unicode_ci DEFAULT NULL,
  `created_at` timestamp NULL DEFAULT NULL,
  `updated_at` timestamp NULL DEFAULT NULL,
  PRIMARY KEY (`id`),
  UNIQUE KEY `users_email_unique` (`email`)
) ENGINE=InnoDB AUTO_INCREMENT=9 DEFAULT CHARSET=utf8mb4 COLLATE=utf8mb4_unicode_ci;
/*!40101 SET character_set_client = @saved_cs_client */;

--
-- Dumping data for table `users`
--

LOCK TABLES `users` WRITE;
/*!40000 ALTER TABLE `users` DISABLE KEYS */;
INSERT INTO `users` VALUES (4,'Rey Jonas Curimatmat','rjhonnas@gmail.com',NULL,'$2y$10$Rq97jgiERvc7SaG6692rwOu8acs1gpVQ0D3zaph9os9yIMezd3EgG',1,'HvY0Z1yjN6trQZVglFb4anU36ucuRCM0ddD9ajZjaKWHDxMhhvE5qstTFVBZ','2018-09-12 01:10:36','2018-09-12 01:10:36'),(5,'RJ','reyjonas.curimatmat@bcdpinpoint.com',NULL,'$2y$10$63fPG2fxk4Up0Cd0633fZerdG1hiRI7MamgSQ2Uc2/dutC5/dDjiO',0,'7fgWXPjK9WFShp4CBaS6xxjkoIVM5unQkR7wP5T3brw6GYi94YpFHYgoRi6a','2018-09-12 01:11:14','2018-09-12 01:11:14'),(6,'Candidate 1','candidate1@sample.com',NULL,'$2y$10$n7jjOG8uOwnUhOW5tCy3OeIk7R2PtIe1gyv9eEJdZY3EYn/w131OW',0,'FfS1zpd5I0jdqkwNBpWHoj0kHFYqXrfmOMJo127uxuKNudmikRGgESgaUHQn','2018-09-13 06:30:16','2018-09-13 06:30:16'),(7,'Candidate 2','candidate2@sample.com',NULL,'$2y$10$f/Yne5bcIWruOFkgjY2xu.ElOOik2iyymvINjO0aNRQLJoFRbsi4W',0,'9TEonqas7rwUuq4v4BcAMNrDEc51oedxUR1RVFMvpReNy2DzH62mfrp0XRr2','2018-09-13 06:31:24','2018-09-13 06:31:24'),(8,'Alexandria Reyes','alexandria.reyes@bcdpinpoint.com',NULL,'$2y$10$Gl.2NObt8.L9VGv8VIV0XuMr9Q5sjLZECptF9kfXdScq/sKKM72Wi',1,NULL,'2018-09-24 02:40:33','2018-09-24 02:40:33');
/*!40000 ALTER TABLE `users` ENABLE KEYS */;
UNLOCK TABLES;
/*!40103 SET TIME_ZONE=@OLD_TIME_ZONE */;

/*!40101 SET SQL_MODE=@OLD_SQL_MODE */;
/*!40014 SET FOREIGN_KEY_CHECKS=@OLD_FOREIGN_KEY_CHECKS */;
/*!40014 SET UNIQUE_CHECKS=@OLD_UNIQUE_CHECKS */;
/*!40101 SET CHARACTER_SET_CLIENT=@OLD_CHARACTER_SET_CLIENT */;
/*!40101 SET CHARACTER_SET_RESULTS=@OLD_CHARACTER_SET_RESULTS */;
/*!40101 SET COLLATION_CONNECTION=@OLD_COLLATION_CONNECTION */;
/*!40111 SET SQL_NOTES=@OLD_SQL_NOTES */;

-- Dump completed on 2018-09-24 19:29:04
